,Labels,pred_female,pred_male,Image path,pred_female_softmax,pred_male_softmax
0,0,-0.7849259972572327,-0.4843542277812958,/home/magali/CV4Ecology-summer-school/PrototypeCroppedImages/PrototypeCroppedImages_SexRoeDeer_Val/1_cropped.jpg,0.42541771534045786,0.5745822846595422
1,0,0.5678979158401489,0.49243468046188354,/home/magali/CV4Ecology-summer-school/PrototypeCroppedImages/PrototypeCroppedImages_SexRoeDeer_Val/2_cropped.jpg,0.5188568610134179,0.4811431389865821
2,0,0.602979302406311,-0.1941165030002594,/home/magali/CV4Ecology-summer-school/PrototypeCroppedImages/PrototypeCroppedImages_SexRoeDeer_Val/3_cropped.jpg,0.68935290324165,0.31064709675834995
3,0,-0.5287777185440063,0.5763750672340393,/home/magali/CV4Ecology-summer-school/PrototypeCroppedImages/PrototypeCroppedImages_SexRoeDeer_Val/4_cropped.jpg,0.24877566309944124,0.7512243369005587
4,0,0.6192408204078674,0.23720374703407288,/home/magali/CV4Ecology-summer-school/PrototypeCroppedImages/PrototypeCroppedImages_SexRoeDeer_Val/5_cropped.jpg,0.5943643261574855,0.4056356738425147
5,0,0.820496141910553,-0.14750662446022034,/home/magali/CV4Ecology-summer-school/PrototypeCroppedImages/PrototypeCroppedImages_SexRoeDeer_Val/6_cropped.jpg,0.7247212278265176,0.27527877217348246
6,0,-0.3752259612083435,-0.19809958338737488,/home/magali/CV4Ecology-summer-school/PrototypeCroppedImages/PrototypeCroppedImages_SexRoeDeer_Val/7_cropped.jpg,0.4558338167897765,0.5441661832102236
7,0,0.03845406696200371,1.0326241254806519,/home/magali/CV4Ecology-summer-school/PrototypeCroppedImages/PrototypeCroppedImages_SexRoeDeer_Val/8_cropped.jpg,0.2700892003092102,0.7299107996907898
8,0,-0.28687211871147156,-0.27989763021469116,/home/magali/CV4Ecology-summer-school/PrototypeCroppedImages/PrototypeCroppedImages_SexRoeDeer_Val/9_cropped.jpg,0.4982563849437593,0.5017436150562408
9,0,-0.34275609254837036,-0.09574345499277115,/home/magali/CV4Ecology-summer-school/PrototypeCroppedImages/PrototypeCroppedImages_SexRoeDeer_Val/10_cropped.jpg,0.4385589268834328,0.5614410731165673
10,0,0.01385733112692833,-0.057747043669223785,/home/magali/CV4Ecology-summer-school/PrototypeCroppedImages/PrototypeCroppedImages_SexRoeDeer_Val/11_cropped.jpg,0.5178934490980629,0.4821065509019372
11,0,-0.11093246936798096,0.2004472017288208,/home/magali/CV4Ecology-summer-school/PrototypeCroppedImages/PrototypeCroppedImages_SexRoeDeer_Val/12_cropped.jpg,0.4227780125754736,0.5772219874245264
12,0,1.040534496307373,-0.819264829158783,/home/magali/CV4Ecology-summer-school/PrototypeCroppedImages/PrototypeCroppedImages_SexRoeDeer_Val/13_cropped.jpg,0.8652735560829244,0.1347264439170756
13,0,0.6004704833030701,-0.6571635007858276,/home/magali/CV4Ecology-summer-school/PrototypeCroppedImages/PrototypeCroppedImages_SexRoeDeer_Val/14_cropped.jpg,0.7786185424401977,0.22138145755980232
14,0,0.4182543158531189,-0.4555027186870575,/home/magali/CV4Ecology-summer-school/PrototypeCroppedImages/PrototypeCroppedImages_SexRoeDeer_Val/15_cropped.jpg,0.705526856921456,0.29447314307854405
15,0,0.04451471194624901,0.3397483229637146,/home/magali/CV4Ecology-summer-school/PrototypeCroppedImages/PrototypeCroppedImages_SexRoeDeer_Val/16_cropped.jpg,0.4267230779638234,0.5732769220361766
16,0,-1.849339246749878,-0.022125251591205597,/home/magali/CV4Ecology-summer-school/PrototypeCroppedImages/PrototypeCroppedImages_SexRoeDeer_Val/17_cropped.jpg,0.13857050024608392,0.861429499753916
17,0,0.4795863926410675,-0.7749927043914795,/home/magali/CV4Ecology-summer-school/PrototypeCroppedImages/PrototypeCroppedImages_SexRoeDeer_Val/18_cropped.jpg,0.7780915181752529,0.2219084818247471
18,0,0.7878220081329346,-0.3113569915294647,/home/magali/CV4Ecology-summer-school/PrototypeCroppedImages/PrototypeCroppedImages_SexRoeDeer_Val/19_cropped.jpg,0.7501062432562805,0.2498937567437195
19,0,-0.4639720618724823,-0.7083667516708374,/home/magali/CV4Ecology-summer-school/PrototypeCroppedImages/PrototypeCroppedImages_SexRoeDeer_Val/20_cropped.jpg,0.5607963656116729,0.439203634388327
20,1,0.1689298152923584,-0.9123594164848328,/home/magali/CV4Ecology-summer-school/PrototypeCroppedImages/PrototypeCroppedImages_SexRoeDeer_Val/21_cropped.jpg,0.7467378809410141,0.25326211905898594
21,1,-0.7617489099502563,0.5651080012321472,/home/magali/CV4Ecology-summer-school/PrototypeCroppedImages/PrototypeCroppedImages_SexRoeDeer_Val/22_cropped.jpg,0.20967974422650343,0.7903202557734965
22,1,0.6277732253074646,-1.6002510786056519,/home/magali/CV4Ecology-summer-school/PrototypeCroppedImages/PrototypeCroppedImages_SexRoeDeer_Val/23_cropped.jpg,0.9027380267588309,0.09726197324116917
23,1,-0.7292348146438599,0.09500940889120102,/home/magali/CV4Ecology-summer-school/PrototypeCroppedImages/PrototypeCroppedImages_SexRoeDeer_Val/24_cropped.jpg,0.3048634724873574,0.6951365275126427
24,1,-0.5289388298988342,0.2423039674758911,/home/magali/CV4Ecology-summer-school/PrototypeCroppedImages/PrototypeCroppedImages_SexRoeDeer_Val/25_cropped.jpg,0.31621032557212175,0.6837896744278783
25,1,0.30471357703208923,-1.0027360916137695,/home/magali/CV4Ecology-summer-school/PrototypeCroppedImages/PrototypeCroppedImages_SexRoeDeer_Val/26_cropped.jpg,0.7870860802343062,0.21291391976569382
26,1,-1.2664014101028442,0.6780890822410583,/home/magali/CV4Ecology-summer-school/PrototypeCroppedImages/PrototypeCroppedImages_SexRoeDeer_Val/27_cropped.jpg,0.12515535763465868,0.8748446423653414
27,1,-0.5213547945022583,-0.4507114589214325,/home/magali/CV4Ecology-summer-school/PrototypeCroppedImages/PrototypeCroppedImages_SexRoeDeer_Val/28_cropped.jpg,0.48234650711242955,0.5176534928875705
28,1,-1.5856292247772217,1.3900505304336548,/home/magali/CV4Ecology-summer-school/PrototypeCroppedImages/PrototypeCroppedImages_SexRoeDeer_Val/29_cropped.jpg,0.048536752982580485,0.9514632470174195
29,1,-0.7507280111312866,0.17024174332618713,/home/magali/CV4Ecology-summer-school/PrototypeCroppedImages/PrototypeCroppedImages_SexRoeDeer_Val/30_cropped.jpg,0.28476034135678546,0.7152396586432145
30,1,-0.6209574937820435,0.19213268160820007,/home/magali/CV4Ecology-summer-school/PrototypeCroppedImages/PrototypeCroppedImages_SexRoeDeer_Val/31_cropped.jpg,0.3072323892640314,0.6927676107359687
31,1,0.22430828213691711,-0.8272918462753296,/home/magali/CV4Ecology-summer-school/PrototypeCroppedImages/PrototypeCroppedImages_SexRoeDeer_Val/32_cropped.jpg,0.7410820493559922,0.2589179506440078
32,1,-0.6515834927558899,0.5900992751121521,/home/magali/CV4Ecology-summer-school/PrototypeCroppedImages/PrototypeCroppedImages_SexRoeDeer_Val/33_cropped.jpg,0.22414321145856866,0.7758567885414313
33,1,-0.21958790719509125,-0.6010727882385254,/home/magali/CV4Ecology-summer-school/PrototypeCroppedImages/PrototypeCroppedImages_SexRoeDeer_Val/34_cropped.jpg,0.594231188207035,0.40576881179296503
34,1,-0.37698590755462646,0.06214822083711624,/home/magali/CV4Ecology-summer-school/PrototypeCroppedImages/PrototypeCroppedImages_SexRoeDeer_Val/35_cropped.jpg,0.39194730845396136,0.6080526915460386
35,1,0.6194039583206177,-0.03341629356145859,/home/magali/CV4Ecology-summer-school/PrototypeCroppedImages/PrototypeCroppedImages_SexRoeDeer_Val/36_cropped.jpg,0.6576457182717633,0.34235428172823656
36,1,0.4646909534931183,-0.07634342461824417,/home/magali/CV4Ecology-summer-school/PrototypeCroppedImages/PrototypeCroppedImages_SexRoeDeer_Val/37_cropped.jpg,0.632053007623104,0.3679469923768961
37,1,-0.44299203157424927,-0.02749355137348175,/home/magali/CV4Ecology-summer-school/PrototypeCroppedImages/PrototypeCroppedImages_SexRoeDeer_Val/38_cropped.jpg,0.39759442448165305,0.6024055755183471
38,1,-0.20545431971549988,0.7075827121734619,/home/magali/CV4Ecology-summer-school/PrototypeCroppedImages/PrototypeCroppedImages_SexRoeDeer_Val/39_cropped.jpg,0.2863787688250729,0.713621231174927
39,1,0.6813458204269409,0.23116791248321533,/home/magali/CV4Ecology-summer-school/PrototypeCroppedImages/PrototypeCroppedImages_SexRoeDeer_Val/40_cropped.jpg,0.6106815323241863,0.3893184676758137
40,1,-0.019388053566217422,1.460471510887146,/home/magali/CV4Ecology-summer-school/PrototypeCroppedImages/PrototypeCroppedImages_SexRoeDeer_Val/41_cropped.jpg,0.18544863218962462,0.8145513678103754
41,1,1.4463348388671875,-0.29792365431785583,/home/magali/CV4Ecology-summer-school/PrototypeCroppedImages/PrototypeCroppedImages_SexRoeDeer_Val/42_cropped.jpg,0.8512271658341777,0.14877283416582235
42,1,0.16604174673557281,0.486647367477417,/home/magali/CV4Ecology-summer-school/PrototypeCroppedImages/PrototypeCroppedImages_SexRoeDeer_Val/43_cropped.jpg,0.42052816053024533,0.5794718394697547
43,1,0.04344874992966652,0.2741927206516266,/home/magali/CV4Ecology-summer-school/PrototypeCroppedImages/PrototypeCroppedImages_SexRoeDeer_Val/44_cropped.jpg,0.44256859877459237,0.5574314012254077
44,1,-1.1869012117385864,1.11616051197052,/home/magali/CV4Ecology-summer-school/PrototypeCroppedImages/PrototypeCroppedImages_SexRoeDeer_Val/45_cropped.jpg,0.09086970762081165,0.9091302923791884
45,0,0.964350700378418,-1.1043338775634766,/home/magali/CV4Ecology-summer-school/PrototypeCroppedImages/PrototypeCroppedImages_SexRoeDeer_Val/46_cropped.jpg,0.8878220200108811,0.11217797998911888
46,0,-0.017283771187067032,0.14965713024139404,/home/magali/CV4Ecology-summer-school/PrototypeCroppedImages/PrototypeCroppedImages_SexRoeDeer_Val/47_cropped.jpg,0.4583614327758243,0.5416385672241757
47,0,-0.17404600977897644,0.5913042426109314,/home/magali/CV4Ecology-summer-school/PrototypeCroppedImages/PrototypeCroppedImages_SexRoeDeer_Val/48_cropped.jpg,0.31748579726765314,0.682514202732347
48,0,-0.42064204812049866,0.021853409707546234,/home/magali/CV4Ecology-summer-school/PrototypeCroppedImages/PrototypeCroppedImages_SexRoeDeer_Val/49_cropped.jpg,0.39114651251093674,0.6088534874890632
49,0,-0.0948096513748169,-0.5799669027328491,/home/magali/CV4Ecology-summer-school/PrototypeCroppedImages/PrototypeCroppedImages_SexRoeDeer_Val/50_cropped.jpg,0.618964942808812,0.38103505719118796
50,0,-0.1558932512998581,0.4437340795993805,/home/magali/CV4Ecology-summer-school/PrototypeCroppedImages/PrototypeCroppedImages_SexRoeDeer_Val/51_cropped.jpg,0.35442895921872225,0.6455710407812778
51,0,0.22141650319099426,-0.3144438564777374,/home/magali/CV4Ecology-summer-school/PrototypeCroppedImages/PrototypeCroppedImages_SexRoeDeer_Val/52_cropped.jpg,0.6308489075207904,0.3691510924792097
52,0,-0.28594037890434265,0.27452322840690613,/home/magali/CV4Ecology-summer-school/PrototypeCroppedImages/PrototypeCroppedImages_SexRoeDeer_Val/53_cropped.jpg,0.363440196719682,0.6365598032803179
53,0,0.2922596037387848,-0.5123031735420227,/home/magali/CV4Ecology-summer-school/PrototypeCroppedImages/PrototypeCroppedImages_SexRoeDeer_Val/54_cropped.jpg,0.690949656446264,0.3090503435537359
54,0,-0.49108418822288513,0.42408832907676697,/home/magali/CV4Ecology-summer-school/PrototypeCroppedImages/PrototypeCroppedImages_SexRoeDeer_Val/55_cropped.jpg,0.28594254744200553,0.7140574525579945
55,0,0.42546993494033813,-1.6630722284317017,/home/magali/CV4Ecology-summer-school/PrototypeCroppedImages/PrototypeCroppedImages_SexRoeDeer_Val/56_cropped.jpg,0.8897845397158132,0.11021546028418679
56,0,-0.2578538656234741,-0.6160877346992493,/home/magali/CV4Ecology-summer-school/PrototypeCroppedImages/PrototypeCroppedImages_SexRoeDeer_Val/57_cropped.jpg,0.5886128364332552,0.41138716356674476
57,0,0.9778503775596619,-0.15759262442588806,/home/magali/CV4Ecology-summer-school/PrototypeCroppedImages/PrototypeCroppedImages_SexRoeDeer_Val/58_cropped.jpg,0.7568419865230842,0.24315801347691582
58,0,-0.08608868718147278,-0.6818976402282715,/home/magali/CV4Ecology-summer-school/PrototypeCroppedImages/PrototypeCroppedImages_SexRoeDeer_Val/59_cropped.jpg,0.6446968764500172,0.35530312354998295
59,0,-0.4657948911190033,-0.3640380799770355,/home/magali/CV4Ecology-summer-school/PrototypeCroppedImages/PrototypeCroppedImages_SexRoeDeer_Val/60_cropped.jpg,0.4745827252526816,0.5254172747473184
60,0,0.43751922249794006,-0.5014294981956482,/home/magali/CV4Ecology-summer-school/PrototypeCroppedImages/PrototypeCroppedImages_SexRoeDeer_Val/61_cropped.jpg,0.7188872549911872,0.28111274500881284
61,0,0.030625905841588974,-0.5870010256767273,/home/magali/CV4Ecology-summer-school/PrototypeCroppedImages/PrototypeCroppedImages_SexRoeDeer_Val/62_cropped.jpg,0.6496786389838043,0.35032136101619565
62,0,0.3008284866809845,-0.5457488298416138,/home/magali/CV4Ecology-summer-school/PrototypeCroppedImages/PrototypeCroppedImages_SexRoeDeer_Val/63_cropped.jpg,0.6998486639861332,0.3001513360138668
63,0,-0.8631318807601929,0.479585200548172,/home/magali/CV4Ecology-summer-school/PrototypeCroppedImages/PrototypeCroppedImages_SexRoeDeer_Val/64_cropped.jpg,0.20706359062370472,0.7929364093762953
64,0,-0.08415758609771729,-0.009461261332035065,/home/magali/CV4Ecology-summer-school/PrototypeCroppedImages/PrototypeCroppedImages_SexRoeDeer_Val/65_cropped.jpg,0.4813345967001134,0.5186654032998865
65,0,0.6386600732803345,0.035775043070316315,/home/magali/CV4Ecology-summer-school/PrototypeCroppedImages/PrototypeCroppedImages_SexRoeDeer_Val/66_cropped.jpg,0.6463160779623051,0.35368392203769494
66,0,0.1715712696313858,-0.433451771736145,/home/magali/CV4Ecology-summer-school/PrototypeCroppedImages/PrototypeCroppedImages_SexRoeDeer_Val/67_cropped.jpg,0.6468046563391727,0.3531953436608273
67,0,0.783100962638855,-0.2908150255680084,/home/magali/CV4Ecology-summer-school/PrototypeCroppedImages/PrototypeCroppedImages_SexRoeDeer_Val/68_cropped.jpg,0.7453409149206773,0.25465908507932256
68,0,0.33382537961006165,-0.4586944878101349,/home/magali/CV4Ecology-summer-school/PrototypeCroppedImages/PrototypeCroppedImages_SexRoeDeer_Val/69_cropped.jpg,0.6883721387252447,0.3116278612747552
69,0,0.3503751754760742,-0.12633201479911804,/home/magali/CV4Ecology-summer-school/PrototypeCroppedImages/PrototypeCroppedImages_SexRoeDeer_Val/70_cropped.jpg,0.616970024816467,0.3830299751835331
70,0,0.25283345580101013,-0.22704669833183289,/home/magali/CV4Ecology-summer-school/PrototypeCroppedImages/PrototypeCroppedImages_SexRoeDeer_Val/71_cropped.jpg,0.6177195745135889,0.382280425486411
71,0,-0.2644999921321869,0.35314813256263733,/home/magali/CV4Ecology-summer-school/PrototypeCroppedImages/PrototypeCroppedImages_SexRoeDeer_Val/72_cropped.jpg,0.35031653754283165,0.6496834624571685
72,0,-0.41900843381881714,0.14154919981956482,/home/magali/CV4Ecology-summer-school/PrototypeCroppedImages/PrototypeCroppedImages_SexRoeDeer_Val/73_cropped.jpg,0.3634184438746976,0.6365815561253024
73,0,-0.08364540338516235,-0.18046334385871887,/home/magali/CV4Ecology-summer-school/PrototypeCroppedImages/PrototypeCroppedImages_SexRoeDeer_Val/74_cropped.jpg,0.5241855956653508,0.4758144043346491
74,0,-0.3204208314418793,0.3312748968601227,/home/magali/CV4Ecology-summer-school/PrototypeCroppedImages/PrototypeCroppedImages_SexRoeDeer_Val/75_cropped.jpg,0.3426075106340801,0.6573924893659199
75,1,-1.1783381700515747,2.5100533962249756,/home/magali/CV4Ecology-summer-school/PrototypeCroppedImages/PrototypeCroppedImages_SexRoeDeer_Val/76_cropped.jpg,0.02440185606342725,0.9755981439365726
76,1,-0.0978386402130127,0.5900151133537292,/home/magali/CV4Ecology-summer-school/PrototypeCroppedImages/PrototypeCroppedImages_SexRoeDeer_Val/77_cropped.jpg,0.3345106863991963,0.6654893136008038
77,1,-1.1521323919296265,2.253124237060547,/home/magali/CV4Ecology-summer-school/PrototypeCroppedImages/PrototypeCroppedImages_SexRoeDeer_Val/78_cropped.jpg,0.03213158535373943,0.9678684146462605
78,1,-0.370132178068161,0.39310958981513977,/home/magali/CV4Ecology-summer-school/PrototypeCroppedImages/PrototypeCroppedImages_SexRoeDeer_Val/79_cropped.jpg,0.31794285747180645,0.6820571425281935
79,1,0.3716678321361542,0.5354021787643433,/home/magali/CV4Ecology-summer-school/PrototypeCroppedImages/PrototypeCroppedImages_SexRoeDeer_Val/80_cropped.jpg,0.45915761766797847,0.5408423823320215
80,1,0.389393150806427,0.3408086597919464,/home/magali/CV4Ecology-summer-school/PrototypeCroppedImages/PrototypeCroppedImages_SexRoeDeer_Val/81_cropped.jpg,0.5121437341216886,0.4878562658783115
81,1,-1.1171647310256958,2.248344659805298,/home/magali/CV4Ecology-summer-school/PrototypeCroppedImages/PrototypeCroppedImages_SexRoeDeer_Val/82_cropped.jpg,0.03339094438616514,0.9666090556138348
82,1,-1.5475174188613892,2.853419780731201,/home/magali/CV4Ecology-summer-school/PrototypeCroppedImages/PrototypeCroppedImages_SexRoeDeer_Val/83_cropped.jpg,0.0121172112137105,0.9878827887862894
83,1,0.4410690665245056,0.07414253801107407,/home/magali/CV4Ecology-summer-school/PrototypeCroppedImages/PrototypeCroppedImages_SexRoeDeer_Val/84_cropped.jpg,0.5907161111329065,0.4092838888670936
84,1,-1.1143052577972412,1.4823418855667114,/home/magali/CV4Ecology-summer-school/PrototypeCroppedImages/PrototypeCroppedImages_SexRoeDeer_Val/85_cropped.jpg,0.06935451646754104,0.930645483532459
85,1,0.2706727683544159,-0.43472886085510254,/home/magali/CV4Ecology-summer-school/PrototypeCroppedImages/PrototypeCroppedImages_SexRoeDeer_Val/86_cropped.jpg,0.6693842929666071,0.33061570703339305
86,1,0.5310100317001343,-0.1338014006614685,/home/magali/CV4Ecology-summer-school/PrototypeCroppedImages/PrototypeCroppedImages_SexRoeDeer_Val/87_cropped.jpg,0.660340380340963,0.339659619659037
87,1,0.22761712968349457,-0.1808343231678009,/home/magali/CV4Ecology-summer-school/PrototypeCroppedImages/PrototypeCroppedImages_SexRoeDeer_Val/88_cropped.jpg,0.6007165082317921,0.3992834917682078
88,1,-0.22132056951522827,-0.07180055230855942,/home/magali/CV4Ecology-summer-school/PrototypeCroppedImages/PrototypeCroppedImages_SexRoeDeer_Val/89_cropped.jpg,0.4626894800433659,0.537310519956634
89,1,-0.6164276003837585,1.2241162061691284,/home/magali/CV4Ecology-summer-school/PrototypeCroppedImages/PrototypeCroppedImages_SexRoeDeer_Val/90_cropped.jpg,0.13698699022703373,0.8630130097729662
90,1,0.4176768958568573,-0.560812771320343,/home/magali/CV4Ecology-summer-school/PrototypeCroppedImages/PrototypeCroppedImages_SexRoeDeer_Val/91_cropped.jpg,0.7268084305238804,0.27319156947611956
91,1,0.5183330178260803,-0.7540156245231628,/home/magali/CV4Ecology-summer-school/PrototypeCroppedImages/PrototypeCroppedImages_SexRoeDeer_Val/92_cropped.jpg,0.7811445316454763,0.21885546835452382
92,1,-0.6126478314399719,0.10778818279504776,/home/magali/CV4Ecology-summer-school/PrototypeCroppedImages/PrototypeCroppedImages_SexRoeDeer_Val/93_cropped.jpg,0.32729697685194564,0.6727030231480544
93,1,0.34654000401496887,-0.5416252613067627,/home/magali/CV4Ecology-summer-school/PrototypeCroppedImages/PrototypeCroppedImages_SexRoeDeer_Val/94_cropped.jpg,0.7085114026750542,0.2914885973249458
94,1,-0.33591416478157043,0.4436074495315552,/home/magali/CV4Ecology-summer-school/PrototypeCroppedImages/PrototypeCroppedImages_SexRoeDeer_Val/95_cropped.jpg,0.3144229982871988,0.6855770017128012
95,0,0.42418038845062256,-0.34608879685401917,/home/magali/CV4Ecology-summer-school/PrototypeCroppedImages/PrototypeCroppedImages_SexRoeDeer_Val/96_cropped.jpg,0.6835791210465247,0.3164208789534753
96,0,0.6103460192680359,-0.25388580560684204,/home/magali/CV4Ecology-summer-school/PrototypeCroppedImages/PrototypeCroppedImages_SexRoeDeer_Val/97_cropped.jpg,0.7035440449060902,0.2964559550939098
97,1,0.21778936684131622,-2.028730630874634,/home/magali/CV4Ecology-summer-school/PrototypeCroppedImages/PrototypeCroppedImages_SexRoeDeer_Val/98_cropped.jpg,0.9043499342590474,0.09565006574095263
98,1,-1.1424862146377563,1.6468595266342163,/home/magali/CV4Ecology-summer-school/PrototypeCroppedImages/PrototypeCroppedImages_SexRoeDeer_Val/99_cropped.jpg,0.057902634715968286,0.9420973652840317
99,1,0.033272918313741684,-0.1217598095536232,/home/magali/CV4Ecology-summer-school/PrototypeCroppedImages/PrototypeCroppedImages_SexRoeDeer_Val/100_cropped.jpg,0.5386807382162252,0.46131926178377464
100,1,-1.2360173463821411,1.234930157661438,/home/magali/CV4Ecology-summer-school/PrototypeCroppedImages/PrototypeCroppedImages_SexRoeDeer_Val/101_cropped.jpg,0.07792013107402555,0.9220798689259745
101,1,0.005466427654027939,-0.8672434687614441,/home/magali/CV4Ecology-summer-school/PrototypeCroppedImages/PrototypeCroppedImages_SexRoeDeer_Val/102_cropped.jpg,0.7053092580436794,0.29469074195632056
102,1,-1.1450778245925903,-0.324766606092453,/home/magali/CV4Ecology-summer-school/PrototypeCroppedImages/PrototypeCroppedImages_SexRoeDeer_Val/103_cropped.jpg,0.30569760083631387,0.6943023991636861
103,1,0.6435354948043823,-1.072161316871643,/home/magali/CV4Ecology-summer-school/PrototypeCroppedImages/PrototypeCroppedImages_SexRoeDeer_Val/104_cropped.jpg,0.8475737277883545,0.15242627221164565
104,1,-0.41646310687065125,0.2189876139163971,/home/magali/CV4Ecology-summer-school/PrototypeCroppedImages/PrototypeCroppedImages_SexRoeDeer_Val/105_cropped.jpg,0.3462756329002201,0.6537243670997799
105,1,-0.9957318305969238,1.0936483144760132,/home/magali/CV4Ecology-summer-school/PrototypeCroppedImages/PrototypeCroppedImages_SexRoeDeer_Val/106_cropped.jpg,0.110133307922609,0.889866692077391
106,1,0.4882172644138336,0.19444260001182556,/home/magali/CV4Ecology-summer-school/PrototypeCroppedImages/PrototypeCroppedImages_SexRoeDeer_Val/107_cropped.jpg,0.5729199811106065,0.4270800188893936
107,1,-0.02785620465874672,-0.018893159925937653,/home/magali/CV4Ecology-summer-school/PrototypeCroppedImages/PrototypeCroppedImages_SexRoeDeer_Val/108_cropped.jpg,0.49775925381785835,0.5022407461821417
108,1,-0.544143557548523,-0.06881196051836014,/home/magali/CV4Ecology-summer-school/PrototypeCroppedImages/PrototypeCroppedImages_SexRoeDeer_Val/109_cropped.jpg,0.38335510490943603,0.6166448950905639
109,1,0.40388092398643494,-1.2084611654281616,/home/magali/CV4Ecology-summer-school/PrototypeCroppedImages/PrototypeCroppedImages_SexRoeDeer_Val/110_cropped.jpg,0.8337363008677181,0.16626369913228176
110,1,-0.9229656457901001,0.3528502285480499,/home/magali/CV4Ecology-summer-school/PrototypeCroppedImages/PrototypeCroppedImages_SexRoeDeer_Val/111_cropped.jpg,0.21826329600579703,0.781736703994203
111,1,-1.7035430669784546,1.2947136163711548,/home/magali/CV4Ecology-summer-school/PrototypeCroppedImages/PrototypeCroppedImages_SexRoeDeer_Val/112_cropped.jpg,0.04750469256764593,0.952495307432354
112,1,-0.733551025390625,0.5536606311798096,/home/magali/CV4Ecology-summer-school/PrototypeCroppedImages/PrototypeCroppedImages_SexRoeDeer_Val/113_cropped.jpg,0.21632514079769397,0.7836748592023061
113,1,-0.9840829372406006,0.08956422656774521,/home/magali/CV4Ecology-summer-school/PrototypeCroppedImages/PrototypeCroppedImages_SexRoeDeer_Val/114_cropped.jpg,0.25471011342172245,0.7452898865782775
114,1,-1.0635887384414673,1.0560959577560425,/home/magali/CV4Ecology-summer-school/PrototypeCroppedImages/PrototypeCroppedImages_SexRoeDeer_Val/115_cropped.jpg,0.10719824346097533,0.8928017565390246
115,1,-0.14277911186218262,-0.5751426815986633,/home/magali/CV4Ecology-summer-school/PrototypeCroppedImages/PrototypeCroppedImages_SexRoeDeer_Val/116_cropped.jpg,0.6064379255981327,0.3935620744018672
116,1,-0.45889589190483093,0.6506270170211792,/home/magali/CV4Ecology-summer-school/PrototypeCroppedImages/PrototypeCroppedImages_SexRoeDeer_Val/117_cropped.jpg,0.2479598437826696,0.7520401562173304
117,1,-0.4521879255771637,0.06734464317560196,/home/magali/CV4Ecology-summer-school/PrototypeCroppedImages/PrototypeCroppedImages_SexRoeDeer_Val/118_cropped.jpg,0.37296154124035763,0.6270384587596423
118,1,0.32795652747154236,-0.6802145838737488,/home/magali/CV4Ecology-summer-school/PrototypeCroppedImages/PrototypeCroppedImages_SexRoeDeer_Val/119_cropped.jpg,0.732662080286842,0.2673379197131579
119,1,-1.1106187105178833,0.0963728055357933,/home/magali/CV4Ecology-summer-school/PrototypeCroppedImages/PrototypeCroppedImages_SexRoeDeer_Val/120_cropped.jpg,0.23023380034906418,0.7697661996509358
120,1,-0.0762430727481842,-0.6106128096580505,/home/magali/CV4Ecology-summer-school/PrototypeCroppedImages/PrototypeCroppedImages_SexRoeDeer_Val/121_cropped.jpg,0.6305017057779865,0.3694982942220136
121,1,0.2377178966999054,-0.5957158207893372,/home/magali/CV4Ecology-summer-school/PrototypeCroppedImages/PrototypeCroppedImages_SexRoeDeer_Val/122_cropped.jpg,0.6970804814312256,0.3029195185687744
122,1,-0.35234206914901733,0.6587188839912415,/home/magali/CV4Ecology-summer-school/PrototypeCroppedImages/PrototypeCroppedImages_SexRoeDeer_Val/123_cropped.jpg,0.26677227186125246,0.7332277281387475
123,1,-0.39650073647499084,0.08181411772966385,/home/magali/CV4Ecology-summer-school/PrototypeCroppedImages/PrototypeCroppedImages_SexRoeDeer_Val/124_cropped.jpg,0.3826501267494142,0.6173498732505858
124,1,-0.3427749276161194,-0.08170457184314728,/home/magali/CV4Ecology-summer-school/PrototypeCroppedImages/PrototypeCroppedImages_SexRoeDeer_Val/125_cropped.jpg,0.43510060926713695,0.564899390732863
125,1,-0.6990845203399658,1.0754618644714355,/home/magali/CV4Ecology-summer-school/PrototypeCroppedImages/PrototypeCroppedImages_SexRoeDeer_Val/126_cropped.jpg,0.14497785224260218,0.8550221477573979
126,1,-0.24219045042991638,0.07094236463308334,/home/magali/CV4Ecology-summer-school/PrototypeCroppedImages/PrototypeCroppedImages_SexRoeDeer_Val/127_cropped.jpg,0.4223502390160706,0.5776497609839294
127,1,-0.4358859956264496,0.9781231880187988,/home/magali/CV4Ecology-summer-school/PrototypeCroppedImages/PrototypeCroppedImages_SexRoeDeer_Val/128_cropped.jpg,0.19560247287999855,0.8043975271200013
128,1,-0.6579807996749878,0.7601365447044373,/home/magali/CV4Ecology-summer-school/PrototypeCroppedImages/PrototypeCroppedImages_SexRoeDeer_Val/129_cropped.jpg,0.19495689426911536,0.8050431057308847
129,1,0.007341053336858749,0.05719425529241562,/home/magali/CV4Ecology-summer-school/PrototypeCroppedImages/PrototypeCroppedImages_SexRoeDeer_Val/130_cropped.jpg,0.4875392801664807,0.5124607198335194
130,1,-0.3173070549964905,-0.43822839856147766,/home/magali/CV4Ecology-summer-school/PrototypeCroppedImages/PrototypeCroppedImages_SexRoeDeer_Val/131_cropped.jpg,0.5301935540805118,0.46980644591948806
131,1,0.1922875940799713,-0.7247962951660156,/home/magali/CV4Ecology-summer-school/PrototypeCroppedImages/PrototypeCroppedImages_SexRoeDeer_Val/132_cropped.jpg,0.7144475556216993,0.2855524443783007
132,1,-0.49133357405662537,0.40824028849601746,/home/magali/CV4Ecology-summer-school/PrototypeCroppedImages/PrototypeCroppedImages_SexRoeDeer_Val/133_cropped.jpg,0.28913807662287627,0.7108619233771238
133,1,-0.26552391052246094,0.20021504163742065,/home/magali/CV4Ecology-summer-school/PrototypeCroppedImages/PrototypeCroppedImages_SexRoeDeer_Val/134_cropped.jpg,0.3856252710540415,0.6143747289459585
134,1,-0.8981093168258667,0.4884694516658783,/home/magali/CV4Ecology-summer-school/PrototypeCroppedImages/PrototypeCroppedImages_SexRoeDeer_Val/135_cropped.jpg,0.19995449870308127,0.8000455012969186
135,1,0.17594322562217712,-0.717584490776062,/home/magali/CV4Ecology-summer-school/PrototypeCroppedImages/PrototypeCroppedImages_SexRoeDeer_Val/136_cropped.jpg,0.7096176325695271,0.29038236743047285
136,1,-0.33443087339401245,-0.24043864011764526,/home/magali/CV4Ecology-summer-school/PrototypeCroppedImages/PrototypeCroppedImages_SexRoeDeer_Val/137_cropped.jpg,0.47651922595572177,0.5234807740442782
137,1,-0.6215539574623108,-0.04787791520357132,/home/magali/CV4Ecology-summer-school/PrototypeCroppedImages/PrototypeCroppedImages_SexRoeDeer_Val/138_cropped.jpg,0.3603890306983074,0.6396109693016925
138,1,-0.2997162938117981,-0.6494733691215515,/home/magali/CV4Ecology-summer-school/PrototypeCroppedImages/PrototypeCroppedImages_SexRoeDeer_Val/139_cropped.jpg,0.586558669073494,0.413441330926506
139,1,-0.4420200288295746,-0.16729721426963806,/home/magali/CV4Ecology-summer-school/PrototypeCroppedImages/PrototypeCroppedImages_SexRoeDeer_Val/140_cropped.jpg,0.4317480203727988,0.5682519796272013
140,1,0.7591230869293213,-1.1252399682998657,/home/magali/CV4Ecology-summer-school/PrototypeCroppedImages/PrototypeCroppedImages_SexRoeDeer_Val/141_cropped.jpg,0.8681114726653283,0.13188852733467182
141,1,-0.19707052409648895,0.3224846422672272,/home/magali/CV4Ecology-summer-school/PrototypeCroppedImages/PrototypeCroppedImages_SexRoeDeer_Val/142_cropped.jpg,0.3729562565504371,0.6270437434495628
142,1,-1.4426132440567017,0.5169819593429565,/home/magali/CV4Ecology-summer-school/PrototypeCroppedImages/PrototypeCroppedImages_SexRoeDeer_Val/143_cropped.jpg,0.12351086251933135,0.8764891374806686
143,1,-0.8338393568992615,0.7801144123077393,/home/magali/CV4Ecology-summer-school/PrototypeCroppedImages/PrototypeCroppedImages_SexRoeDeer_Val/144_cropped.jpg,0.16604040809936668,0.8339595919006334
144,1,-1.359829068183899,0.7332869172096252,/home/magali/CV4Ecology-summer-school/PrototypeCroppedImages/PrototypeCroppedImages_SexRoeDeer_Val/145_cropped.jpg,0.10976771367407118,0.8902322863259288
145,1,-0.18123650550842285,0.25680240988731384,/home/magali/CV4Ecology-summer-school/PrototypeCroppedImages/PrototypeCroppedImages_SexRoeDeer_Val/146_cropped.jpg,0.3922083555369121,0.6077916444630879
146,1,-1.3905409574508667,0.9589622616767883,/home/magali/CV4Ecology-summer-school/PrototypeCroppedImages/PrototypeCroppedImages_SexRoeDeer_Val/147_cropped.jpg,0.08710526732980588,0.912894732670194
147,1,0.2713087797164917,-0.5134490132331848,/home/magali/CV4Ecology-summer-school/PrototypeCroppedImages/PrototypeCroppedImages_SexRoeDeer_Val/148_cropped.jpg,0.686704620240259,0.31329537975974103
148,1,-0.6029486060142517,0.5090543031692505,/home/magali/CV4Ecology-summer-school/PrototypeCroppedImages/PrototypeCroppedImages_SexRoeDeer_Val/149_cropped.jpg,0.24749767297191602,0.752502327028084
149,1,-0.7534466981887817,0.9246340394020081,/home/magali/CV4Ecology-summer-school/PrototypeCroppedImages/PrototypeCroppedImages_SexRoeDeer_Val/150_cropped.jpg,0.15734977815166462,0.8426502218483354
150,1,-1.0134013891220093,0.7376079559326172,/home/magali/CV4Ecology-summer-school/PrototypeCroppedImages/PrototypeCroppedImages_SexRoeDeer_Val/151_cropped.jpg,0.1479199353418374,0.8520800646581627
151,1,0.337564617395401,-0.8955758213996887,/home/magali/CV4Ecology-summer-school/PrototypeCroppedImages/PrototypeCroppedImages_SexRoeDeer_Val/152_cropped.jpg,0.7743677518135157,0.2256322481864843
152,0,0.372308611869812,-1.0597401857376099,/home/magali/CV4Ecology-summer-school/PrototypeCroppedImages/PrototypeCroppedImages_SexRoeDeer_Val/153_cropped.jpg,0.8072203414558271,0.19277965854417295
153,0,0.22263813018798828,-0.8875111937522888,/home/magali/CV4Ecology-summer-school/PrototypeCroppedImages/PrototypeCroppedImages_SexRoeDeer_Val/154_cropped.jpg,0.7521569489897094,0.24784305101029044
154,0,-0.12111514806747437,-0.7577694058418274,/home/magali/CV4Ecology-summer-school/PrototypeCroppedImages/PrototypeCroppedImages_SexRoeDeer_Val/155_cropped.jpg,0.6539967599170884,0.3460032400829115
155,0,0.45471152663230896,-0.6641608476638794,/home/magali/CV4Ecology-summer-school/PrototypeCroppedImages/PrototypeCroppedImages_SexRoeDeer_Val/156_cropped.jpg,0.7537794935593,0.24622050644070004
156,0,1.038338303565979,-1.5432897806167603,/home/magali/CV4Ecology-summer-school/PrototypeCroppedImages/PrototypeCroppedImages_SexRoeDeer_Val/157_cropped.jpg,0.9296697940433953,0.07033020595660462
157,0,0.3244170844554901,-0.9478768706321716,/home/magali/CV4Ecology-summer-school/PrototypeCroppedImages/PrototypeCroppedImages_SexRoeDeer_Val/158_cropped.jpg,0.7811351822904112,0.21886481770958888
158,0,-0.4920444190502167,-0.44428184628486633,/home/magali/CV4Ecology-summer-school/PrototypeCroppedImages/PrototypeCroppedImages_SexRoeDeer_Val/159_cropped.jpg,0.48806162627025435,0.5119383737297457
159,0,0.2088756412267685,-0.7863777279853821,/home/magali/CV4Ecology-summer-school/PrototypeCroppedImages/PrototypeCroppedImages_SexRoeDeer_Val/160_cropped.jpg,0.7301243114712624,0.26987568852873767
160,0,-0.8669775724411011,0.4557211399078369,/home/magali/CV4Ecology-summer-school/PrototypeCroppedImages/PrototypeCroppedImages_SexRoeDeer_Val/161_cropped.jpg,0.2103696484727119,0.7896303515272881
161,0,0.044537629932165146,-0.4651224613189697,/home/magali/CV4Ecology-summer-school/PrototypeCroppedImages/PrototypeCroppedImages_SexRoeDeer_Val/162_cropped.jpg,0.6247267885431552,0.37527321145684484
162,0,-0.33498767018318176,-0.056669510900974274,/home/magali/CV4Ecology-summer-school/PrototypeCroppedImages/PrototypeCroppedImages_SexRoeDeer_Val/163_cropped.jpg,0.4308661498558321,0.569133850144168
163,0,-0.26286545395851135,-0.3118203282356262,/home/magali/CV4Ecology-summer-school/PrototypeCroppedImages/PrototypeCroppedImages_SexRoeDeer_Val/164_cropped.jpg,0.5122362748995332,0.487763725100467
164,0,1.6619125604629517,-0.9581554532051086,/home/magali/CV4Ecology-summer-school/PrototypeCroppedImages/PrototypeCroppedImages_SexRoeDeer_Val/165_cropped.jpg,0.9321420086373395,0.06785799136266044
165,0,0.33101940155029297,-0.7279375195503235,/home/magali/CV4Ecology-summer-school/PrototypeCroppedImages/PrototypeCroppedImages_SexRoeDeer_Val/166_cropped.jpg,0.7424911611147141,0.25750883888528575
166,0,1.0242308378219604,-0.23241451382637024,/home/magali/CV4Ecology-summer-school/PrototypeCroppedImages/PrototypeCroppedImages_SexRoeDeer_Val/167_cropped.jpg,0.7784480832386924,0.22155191676130762
167,0,0.6375564336776733,-0.4853965938091278,/home/magali/CV4Ecology-summer-school/PrototypeCroppedImages/PrototypeCroppedImages_SexRoeDeer_Val/168_cropped.jpg,0.7545360617995308,0.24546393820046908
168,0,0.6243664026260376,-0.719474732875824,/home/magali/CV4Ecology-summer-school/PrototypeCroppedImages/PrototypeCroppedImages_SexRoeDeer_Val/169_cropped.jpg,0.7931209051090241,0.2068790948909758
169,0,0.3277885913848877,-0.6993632912635803,/home/magali/CV4Ecology-summer-school/PrototypeCroppedImages/PrototypeCroppedImages_SexRoeDeer_Val/170_cropped.jpg,0.736363356417584,0.26363664358241606
170,0,0.7373005151748657,-0.6527062058448792,/home/magali/CV4Ecology-summer-school/PrototypeCroppedImages/PrototypeCroppedImages_SexRoeDeer_Val/171_cropped.jpg,0.8005933161216788,0.19940668387832114
171,0,0.23249998688697815,-0.7116313576698303,/home/magali/CV4Ecology-summer-school/PrototypeCroppedImages/PrototypeCroppedImages_SexRoeDeer_Val/172_cropped.jpg,0.7199334138829185,0.2800665861170814
172,0,0.2637386918067932,-0.07830704003572464,/home/magali/CV4Ecology-summer-school/PrototypeCroppedImages/PrototypeCroppedImages_SexRoeDeer_Val/173_cropped.jpg,0.5846873699125696,0.4153126300874303
173,0,0.021143730729818344,-0.17627468705177307,/home/magali/CV4Ecology-summer-school/PrototypeCroppedImages/PrototypeCroppedImages_SexRoeDeer_Val/174_cropped.jpg,0.5491949310682974,0.4508050689317026
174,1,-0.6261011958122253,-0.10086826235055923,/home/magali/CV4Ecology-summer-school/PrototypeCroppedImages/PrototypeCroppedImages_SexRoeDeer_Val/175_cropped.jpg,0.3716294152250639,0.6283705847749361
175,1,0.41761183738708496,-0.32006531953811646,/home/magali/CV4Ecology-summer-school/PrototypeCroppedImages/PrototypeCroppedImages_SexRoeDeer_Val/176_cropped.jpg,0.6764877057239262,0.3235122942760738
176,1,0.16066113114356995,-0.13915082812309265,/home/magali/CV4Ecology-summer-school/PrototypeCroppedImages/PrototypeCroppedImages_SexRoeDeer_Val/177_cropped.jpg,0.5743965480481126,0.4256034519518874
177,1,-1.2422763109207153,0.8588443398475647,/home/magali/CV4Ecology-summer-school/PrototypeCroppedImages/PrototypeCroppedImages_SexRoeDeer_Val/178_cropped.jpg,0.10898794758022304,0.8910120524197771
178,1,-1.6640392541885376,0.5862930417060852,/home/magali/CV4Ecology-summer-school/PrototypeCroppedImages/PrototypeCroppedImages_SexRoeDeer_Val/179_cropped.jpg,0.09532080559219312,0.9046791944078069
179,1,-1.2098479270935059,0.7928504347801208,/home/magali/CV4Ecology-summer-school/PrototypeCroppedImages/PrototypeCroppedImages_SexRoeDeer_Val/180_cropped.jpg,0.11891990231677668,0.8810800976832233
180,1,-0.7615873217582703,0.4284396767616272,/home/magali/CV4Ecology-summer-school/PrototypeCroppedImages/PrototypeCroppedImages_SexRoeDeer_Val/181_cropped.jpg,0.23325410714242092,0.7667458928575791
181,1,-0.32841065526008606,-0.42093607783317566,/home/magali/CV4Ecology-summer-school/PrototypeCroppedImages/PrototypeCroppedImages_SexRoeDeer_Val/182_cropped.jpg,0.5231148675528807,0.4768851324471192
182,1,-1.4812548160552979,0.8630353212356567,/home/magali/CV4Ecology-summer-school/PrototypeCroppedImages/PrototypeCroppedImages_SexRoeDeer_Val/183_cropped.jpg,0.08752069410334391,0.9124793058966562
183,1,-0.05248425528407097,0.22582072019577026,/home/magali/CV4Ecology-summer-school/PrototypeCroppedImages/PrototypeCroppedImages_SexRoeDeer_Val/184_cropped.jpg,0.4308693827975288,0.5691306172024713
184,1,-0.188602015376091,0.470229834318161,/home/magali/CV4Ecology-summer-school/PrototypeCroppedImages/PrototypeCroppedImages_SexRoeDeer_Val/185_cropped.jpg,0.34100206910878084,0.6589979308912192
185,1,-1.114543080329895,0.15828070044517517,/home/magali/CV4Ecology-summer-school/PrototypeCroppedImages/PrototypeCroppedImages_SexRoeDeer_Val/186_cropped.jpg,0.21877425060800404,0.781225749391996
186,0,-0.48425233364105225,0.12817716598510742,/home/magali/CV4Ecology-summer-school/PrototypeCroppedImages/PrototypeCroppedImages_SexRoeDeer_Val/187_cropped.jpg,0.3515051956032108,0.6484948043967892
187,0,0.41560596227645874,-0.021446548402309418,/home/magali/CV4Ecology-summer-school/PrototypeCroppedImages/PrototypeCroppedImages_SexRoeDeer_Val/188_cropped.jpg,0.6075564793732039,0.3924435206267961
188,0,0.014333870261907578,-0.16919535398483276,/home/magali/CV4Ecology-summer-school/PrototypeCroppedImages/PrototypeCroppedImages_SexRoeDeer_Val/189_cropped.jpg,0.5457539506651229,0.4542460493348771
189,0,0.650730311870575,-0.43309953808784485,/home/magali/CV4Ecology-summer-school/PrototypeCroppedImages/PrototypeCroppedImages_SexRoeDeer_Val/190_cropped.jpg,0.7472180624455981,0.2527819375544019
190,0,-0.04496491327881813,-0.6333357095718384,/home/magali/CV4Ecology-summer-school/PrototypeCroppedImages/PrototypeCroppedImages_SexRoeDeer_Val/191_cropped.jpg,0.6429912434619223,0.35700875653807773
191,0,-0.32820525765419006,0.8099943995475769,/home/magali/CV4Ecology-summer-school/PrototypeCroppedImages/PrototypeCroppedImages_SexRoeDeer_Val/192_cropped.jpg,0.24265105942656315,0.7573489405734369
192,0,0.01726798340678215,-0.2894652783870697,/home/magali/CV4Ecology-summer-school/PrototypeCroppedImages/PrototypeCroppedImages_SexRoeDeer_Val/193_cropped.jpg,0.5760876877793272,0.4239123122206729
193,1,-0.9341773390769958,0.23655599355697632,/home/magali/CV4Ecology-summer-school/PrototypeCroppedImages/PrototypeCroppedImages_SexRoeDeer_Val/194_cropped.jpg,0.23672245653257082,0.7632775434674293
194,1,-0.5574715733528137,0.23299112915992737,/home/magali/CV4Ecology-summer-school/PrototypeCroppedImages/PrototypeCroppedImages_SexRoeDeer_Val/195_cropped.jpg,0.312069326850931,0.687930673149069
195,1,-0.5677525997161865,-0.5439063310623169,/home/magali/CV4Ecology-summer-school/PrototypeCroppedImages/PrototypeCroppedImages_SexRoeDeer_Val/196_cropped.jpg,0.49403871532151505,0.5059612846784849
196,1,-0.22688910365104675,0.41816946864128113,/home/magali/CV4Ecology-summer-school/PrototypeCroppedImages/PrototypeCroppedImages_SexRoeDeer_Val/197_cropped.jpg,0.3441039391148945,0.6558960608851054
197,1,-0.5540797114372253,0.17368951439857483,/home/magali/CV4Ecology-summer-school/PrototypeCroppedImages/PrototypeCroppedImages_SexRoeDeer_Val/198_cropped.jpg,0.3256844462161747,0.6743155537838252
198,1,-0.13348576426506042,0.008031390607357025,/home/magali/CV4Ecology-summer-school/PrototypeCroppedImages/PrototypeCroppedImages_SexRoeDeer_Val/199_cropped.jpg,0.46467963866474793,0.535320361335252
199,1,-0.3242073059082031,0.42160046100616455,/home/magali/CV4Ecology-summer-school/PrototypeCroppedImages/PrototypeCroppedImages_SexRoeDeer_Val/200_cropped.jpg,0.321735452761148,0.678264547238852
200,1,-0.503976583480835,0.36794108152389526,/home/magali/CV4Ecology-summer-school/PrototypeCroppedImages/PrototypeCroppedImages_SexRoeDeer_Val/201_cropped.jpg,0.29485543253529756,0.7051445674647023
201,1,-0.4822330176830292,0.6328633427619934,/home/magali/CV4Ecology-summer-school/PrototypeCroppedImages/PrototypeCroppedImages_SexRoeDeer_Val/202_cropped.jpg,0.24692199077035568,0.7530780092296443
202,1,-0.15879575908184052,0.2779139578342438,/home/magali/CV4Ecology-summer-school/PrototypeCroppedImages/PrototypeCroppedImages_SexRoeDeer_Val/203_cropped.jpg,0.39252525650616266,0.6074747434938373
203,1,-0.19957426190376282,0.640160858631134,/home/magali/CV4Ecology-summer-school/PrototypeCroppedImages/PrototypeCroppedImages_SexRoeDeer_Val/204_cropped.jpg,0.3015905736067965,0.6984094263932035
204,1,-0.4346998631954193,0.5667396187782288,/home/magali/CV4Ecology-summer-school/PrototypeCroppedImages/PrototypeCroppedImages_SexRoeDeer_Val/205_cropped.jpg,0.268658496187378,0.731341503812622
205,1,-0.056537527590990067,0.614047110080719,/home/magali/CV4Ecology-summer-school/PrototypeCroppedImages/PrototypeCroppedImages_SexRoeDeer_Val/206_cropped.jpg,0.33836594300482326,0.6616340569951767
206,1,-0.11022740602493286,0.04421918839216232,/home/magali/CV4Ecology-summer-school/PrototypeCroppedImages/PrototypeCroppedImages_SexRoeDeer_Val/207_cropped.jpg,0.46146492147199886,0.5385350785280012
207,1,-0.6157116889953613,0.5419917702674866,/home/magali/CV4Ecology-summer-school/PrototypeCroppedImages/PrototypeCroppedImages_SexRoeDeer_Val/208_cropped.jpg,0.23908482898905536,0.7609151710109445
208,1,-0.11394277215003967,0.252225786447525,/home/magali/CV4Ecology-summer-school/PrototypeCroppedImages/PrototypeCroppedImages_SexRoeDeer_Val/209_cropped.jpg,0.4094671562914273,0.5905328437085727
209,1,-0.11686095595359802,0.027355067431926727,/home/magali/CV4Ecology-summer-school/PrototypeCroppedImages/PrototypeCroppedImages_SexRoeDeer_Val/210_cropped.jpg,0.46400835284809905,0.535991647151901
210,1,-0.6219284534454346,0.3005870580673218,/home/magali/CV4Ecology-summer-school/PrototypeCroppedImages/PrototypeCroppedImages_SexRoeDeer_Val/211_cropped.jpg,0.2844456188702885,0.7155543811297115
211,1,-1.3321856260299683,0.4842997193336487,/home/magali/CV4Ecology-summer-school/PrototypeCroppedImages/PrototypeCroppedImages_SexRoeDeer_Val/212_cropped.jpg,0.13985613832750218,0.8601438616724979
212,1,-0.5773588418960571,0.13249114155769348,/home/magali/CV4Ecology-summer-school/PrototypeCroppedImages/PrototypeCroppedImages_SexRoeDeer_Val/213_cropped.jpg,0.32963198921128406,0.670368010788716
213,1,-0.8148380517959595,0.6264387965202332,/home/magali/CV4Ecology-summer-school/PrototypeCroppedImages/PrototypeCroppedImages_SexRoeDeer_Val/214_cropped.jpg,0.19134769915694222,0.8086523008430577
214,1,-0.5537033677101135,0.3065025508403778,/home/magali/CV4Ecology-summer-school/PrototypeCroppedImages/PrototypeCroppedImages_SexRoeDeer_Val/215_cropped.jpg,0.2972963251640794,0.7027036748359207
215,1,-0.052796605974435806,0.057977043092250824,/home/magali/CV4Ecology-summer-school/PrototypeCroppedImages/PrototypeCroppedImages_SexRoeDeer_Val/216_cropped.jpg,0.47233487139085484,0.527665128609145
216,1,0.35723522305488586,-0.49074581265449524,/home/magali/CV4Ecology-summer-school/PrototypeCroppedImages/PrototypeCroppedImages_SexRoeDeer_Val/217_cropped.jpg,0.7001434472121589,0.299856552787841
217,1,-0.431901216506958,0.2917414605617523,/home/magali/CV4Ecology-summer-school/PrototypeCroppedImages/PrototypeCroppedImages_SexRoeDeer_Val/218_cropped.jpg,0.3265913455244175,0.6734086544755824
218,0,-0.3259987235069275,-0.0357019379734993,/home/magali/CV4Ecology-summer-school/PrototypeCroppedImages/PrototypeCroppedImages_SexRoeDeer_Val/219_cropped.jpg,0.42793121060908046,0.5720687893909197
219,0,0.5686832666397095,-0.4806675612926483,/home/magali/CV4Ecology-summer-school/PrototypeCroppedImages/PrototypeCroppedImages_SexRoeDeer_Val/220_cropped.jpg,0.7406502208433544,0.2593497791566456
220,0,0.5560450553894043,-0.3206467628479004,/home/magali/CV4Ecology-summer-school/PrototypeCroppedImages/PrototypeCroppedImages_SexRoeDeer_Val/221_cropped.jpg,0.7061362158111294,0.29386378418887055
221,0,-0.4530711770057678,0.6665704846382141,/home/magali/CV4Ecology-summer-school/PrototypeCroppedImages/PrototypeCroppedImages_SexRoeDeer_Val/222_cropped.jpg,0.2460777576860041,0.753922242313996
222,0,0.3775450885295868,-0.5532813668251038,/home/magali/CV4Ecology-summer-school/PrototypeCroppedImages/PrototypeCroppedImages_SexRoeDeer_Val/223_cropped.jpg,0.7172429252826126,0.2827570747173875
223,0,-0.09783628582954407,-0.09896443039178848,/home/magali/CV4Ecology-summer-school/PrototypeCroppedImages/PrototypeCroppedImages_SexRoeDeer_Val/224_cropped.jpg,0.5002820361106486,0.4997179638893514
224,1,0.3769284188747406,0.6901082992553711,/home/magali/CV4Ecology-summer-school/PrototypeCroppedImages/PrototypeCroppedImages_SexRoeDeer_Val/225_cropped.jpg,0.4223387565082737,0.5776612434917262
225,1,0.29709696769714355,-0.0772804394364357,/home/magali/CV4Ecology-summer-school/PrototypeCroppedImages/PrototypeCroppedImages_SexRoeDeer_Val/226_cropped.jpg,0.5925162893367878,0.4074837106632122
226,1,-0.20075136423110962,0.7160254120826721,/home/magali/CV4Ecology-summer-school/PrototypeCroppedImages/PrototypeCroppedImages_SexRoeDeer_Val/227_cropped.jpg,0.28561510330354145,0.7143848966964585
227,1,0.7228984832763672,-0.5579350590705872,/home/magali/CV4Ecology-summer-school/PrototypeCroppedImages/PrototypeCroppedImages_SexRoeDeer_Val/228_cropped.jpg,0.7825916303662539,0.21740836963374605
228,0,0.030482318252325058,-0.9475727677345276,/home/magali/CV4Ecology-summer-school/PrototypeCroppedImages/PrototypeCroppedImages_SexRoeDeer_Val/229_cropped.jpg,0.7267221324750148,0.273277867524985
229,0,0.28622981905937195,-0.4983554184436798,/home/magali/CV4Ecology-summer-school/PrototypeCroppedImages/PrototypeCroppedImages_SexRoeDeer_Val/230_cropped.jpg,0.68666749522656,0.31333250477344005
230,0,-0.043382931500673294,-0.21311530470848083,/home/magali/CV4Ecology-summer-school/PrototypeCroppedImages/PrototypeCroppedImages_SexRoeDeer_Val/231_cropped.jpg,0.5423315144049804,0.45766848559501955
231,0,-0.7746638655662537,0.19028952717781067,/home/magali/CV4Ecology-summer-school/PrototypeCroppedImages/PrototypeCroppedImages_SexRoeDeer_Val/232_cropped.jpg,0.27588754003147664,0.7241124599685232
232,0,-0.3848014771938324,-0.8083022832870483,/home/magali/CV4Ecology-summer-school/PrototypeCroppedImages/PrototypeCroppedImages_SexRoeDeer_Val/233_cropped.jpg,0.6043206577882154,0.39567934221178463
233,0,0.18983972072601318,-0.495588093996048,/home/magali/CV4Ecology-summer-school/PrototypeCroppedImages/PrototypeCroppedImages_SexRoeDeer_Val/234_cropped.jpg,0.6649490507476045,0.3350509492523955
234,0,0.45813462138175964,-0.5123906135559082,/home/magali/CV4Ecology-summer-school/PrototypeCroppedImages/PrototypeCroppedImages_SexRoeDeer_Val/235_cropped.jpg,0.7252241758744253,0.2747758241255746
235,0,-0.600931704044342,-0.4044521450996399,/home/magali/CV4Ecology-summer-school/PrototypeCroppedImages/PrototypeCroppedImages_SexRoeDeer_Val/236_cropped.jpg,0.4510375221891986,0.5489624778108013
236,0,-0.9789014458656311,0.19905897974967957,/home/magali/CV4Ecology-summer-school/PrototypeCroppedImages/PrototypeCroppedImages_SexRoeDeer_Val/237_cropped.jpg,0.23541911528728146,0.7645808847127185
237,0,-1.0809370279312134,0.580446720123291,/home/magali/CV4Ecology-summer-school/PrototypeCroppedImages/PrototypeCroppedImages_SexRoeDeer_Val/238_cropped.jpg,0.15957633267323368,0.8404236673267663
238,0,-0.25850480794906616,-0.5930681228637695,/home/magali/CV4Ecology-summer-school/PrototypeCroppedImages/PrototypeCroppedImages_SexRoeDeer_Val/239_cropped.jpg,0.5828692856291328,0.41713071437086724
239,0,-0.38571563363075256,0.07218121737241745,/home/magali/CV4Ecology-summer-school/PrototypeCroppedImages/PrototypeCroppedImages_SexRoeDeer_Val/240_cropped.jpg,0.38748486769343365,0.6125151323065663
240,0,-0.2696576416492462,0.249750554561615,/home/magali/CV4Ecology-summer-school/PrototypeCroppedImages/PrototypeCroppedImages_SexRoeDeer_Val/241_cropped.jpg,0.3729906276155151,0.6270093723844847
241,0,-0.39853981137275696,0.1756906807422638,/home/magali/CV4Ecology-summer-school/PrototypeCroppedImages/PrototypeCroppedImages_SexRoeDeer_Val/242_cropped.jpg,0.360261235035478,0.6397387649645221
242,0,-0.05469990149140358,0.07968655973672867,/home/magali/CV4Ecology-summer-school/PrototypeCroppedImages/PrototypeCroppedImages_SexRoeDeer_Val/243_cropped.jpg,0.4664538556705568,0.5335461443294433
243,0,0.1615811437368393,0.022259943187236786,/home/magali/CV4Ecology-summer-school/PrototypeCroppedImages/PrototypeCroppedImages_SexRoeDeer_Val/244_cropped.jpg,0.5347740701170306,0.46522592988296946
244,0,1.6023362874984741,-1.1944071054458618,/home/magali/CV4Ecology-summer-school/PrototypeCroppedImages/PrototypeCroppedImages_SexRoeDeer_Val/245_cropped.jpg,0.9424995892872495,0.057500410712750506
245,0,0.04999079927802086,-0.591859757900238,/home/magali/CV4Ecology-summer-school/PrototypeCroppedImages/PrototypeCroppedImages_SexRoeDeer_Val/246_cropped.jpg,0.6551716617012929,0.3448283382987069
246,0,1.0624234676361084,-0.9654203057289124,/home/magali/CV4Ecology-summer-school/PrototypeCroppedImages/PrototypeCroppedImages_SexRoeDeer_Val/247_cropped.jpg,0.8836896393697574,0.1163103606302426
247,0,-0.25118839740753174,0.1020619198679924,/home/magali/CV4Ecology-summer-school/PrototypeCroppedImages/PrototypeCroppedImages_SexRoeDeer_Val/248_cropped.jpg,0.41259445014516566,0.5874055498548344
248,1,-0.2679860591888428,0.11089812964200974,/home/magali/CV4Ecology-summer-school/PrototypeCroppedImages/PrototypeCroppedImages_SexRoeDeer_Val/249_cropped.jpg,0.4063960453161167,0.5936039546838833
249,1,0.174335315823555,-0.15691092610359192,/home/magali/CV4Ecology-summer-school/PrototypeCroppedImages/PrototypeCroppedImages_SexRoeDeer_Val/250_cropped.jpg,0.5820625757674178,0.4179374242325821
250,1,0.15512704849243164,0.7167866230010986,/home/magali/CV4Ecology-summer-school/PrototypeCroppedImages/PrototypeCroppedImages_SexRoeDeer_Val/251_cropped.jpg,0.363163553224812,0.6368364467751881
251,1,-0.23796337842941284,0.07984749227762222,/home/magali/CV4Ecology-summer-school/PrototypeCroppedImages/PrototypeCroppedImages_SexRoeDeer_Val/252_cropped.jpg,0.42120934788239545,0.5787906521176046
252,1,-0.8175221085548401,0.9541042447090149,/home/magali/CV4Ecology-summer-school/PrototypeCroppedImages/PrototypeCroppedImages_SexRoeDeer_Val/253_cropped.jpg,0.14534019260710287,0.854659807392897
253,1,-0.45720866322517395,0.16271284222602844,/home/magali/CV4Ecology-summer-school/PrototypeCroppedImages/PrototypeCroppedImages_SexRoeDeer_Val/254_cropped.jpg,0.3497993039963102,0.6502006960036898
254,1,-0.03090602532029152,0.28954970836639404,/home/magali/CV4Ecology-summer-school/PrototypeCroppedImages/PrototypeCroppedImages_SexRoeDeer_Val/255_cropped.jpg,0.4205646860763954,0.5794353139236047
255,1,0.09177127480506897,-0.4300558567047119,/home/magali/CV4Ecology-summer-school/PrototypeCroppedImages/PrototypeCroppedImages_SexRoeDeer_Val/256_cropped.jpg,0.6275749114182066,0.3724250885817933
256,1,-0.6210160851478577,0.17700165510177612,/home/magali/CV4Ecology-summer-school/PrototypeCroppedImages/PrototypeCroppedImages_SexRoeDeer_Val/257_cropped.jpg,0.3104497030538716,0.6895502969461283
257,1,0.2685530483722687,0.5576172471046448,/home/magali/CV4Ecology-summer-school/PrototypeCroppedImages/PrototypeCroppedImages_SexRoeDeer_Val/258_cropped.jpg,0.428232982132405,0.5717670178675949
258,1,-1.2488926649093628,0.5941274762153625,/home/magali/CV4Ecology-summer-school/PrototypeCroppedImages/PrototypeCroppedImages_SexRoeDeer_Val/259_cropped.jpg,0.1366944971875554,0.8633055028124446
259,1,-1.661613941192627,0.7545610666275024,/home/magali/CV4Ecology-summer-school/PrototypeCroppedImages/PrototypeCroppedImages_SexRoeDeer_Val/260_cropped.jpg,0.08194755810850257,0.9180524418914975
260,1,-1.3333982229232788,1.2736705541610718,/home/magali/CV4Ecology-summer-school/PrototypeCroppedImages/PrototypeCroppedImages_SexRoeDeer_Val/261_cropped.jpg,0.06868486912633906,0.931315130873661
261,1,-0.850741982460022,0.6897057890892029,/home/magali/CV4Ecology-summer-school/PrototypeCroppedImages/PrototypeCroppedImages_SexRoeDeer_Val/262_cropped.jpg,0.17647019140074094,0.8235298085992591
262,1,-0.9367306232452393,0.6699709892272949,/home/magali/CV4Ecology-summer-school/PrototypeCroppedImages/PrototypeCroppedImages_SexRoeDeer_Val/263_cropped.jpg,0.16704705504288705,0.8329529449571129
263,1,-0.49417492747306824,0.6175766587257385,/home/magali/CV4Ecology-summer-school/PrototypeCroppedImages/PrototypeCroppedImages_SexRoeDeer_Val/264_cropped.jpg,0.2475444829820035,0.7524555170179966
264,1,-1.8359708786010742,0.9939331412315369,/home/magali/CV4Ecology-summer-school/PrototypeCroppedImages/PrototypeCroppedImages_SexRoeDeer_Val/265_cropped.jpg,0.05572944854263492,0.9442705514573649
265,1,-0.4568454921245575,0.17423346638679504,/home/magali/CV4Ecology-summer-school/PrototypeCroppedImages/PrototypeCroppedImages_SexRoeDeer_Val/266_cropped.jpg,0.34726592751002483,0.6527340724899752
266,1,-0.7817071676254272,0.4186018407344818,/home/magali/CV4Ecology-summer-school/PrototypeCroppedImages/PrototypeCroppedImages_SexRoeDeer_Val/267_cropped.jpg,0.23142025019298504,0.7685797498070149
267,1,-1.2242199182510376,0.8993428349494934,/home/magali/CV4Ecology-summer-school/PrototypeCroppedImages/PrototypeCroppedImages_SexRoeDeer_Val/268_cropped.jpg,0.1068276521014167,0.8931723478985834
268,1,0.30205562710762024,0.4856446385383606,/home/magali/CV4Ecology-summer-school/PrototypeCroppedImages/PrototypeCroppedImages_SexRoeDeer_Val/269_cropped.jpg,0.454231227739352,0.5457687722606481
269,1,0.06396831572055817,0.16400465369224548,/home/magali/CV4Ecology-summer-school/PrototypeCroppedImages/PrototypeCroppedImages_SexRoeDeer_Val/270_cropped.jpg,0.4750117507097983,0.5249882492902016
270,0,0.3288190960884094,0.14086481928825378,/home/magali/CV4Ecology-summer-school/PrototypeCroppedImages/PrototypeCroppedImages_SexRoeDeer_Val/271_cropped.jpg,0.5468507264453696,0.45314927355463047
271,0,0.4007285535335541,0.12330278009176254,/home/magali/CV4Ecology-summer-school/PrototypeCroppedImages/PrototypeCroppedImages_SexRoeDeer_Val/272_cropped.jpg,0.5689150053456794,0.43108499465432065
272,0,0.015139903873205185,-0.16836979985237122,/home/magali/CV4Ecology-summer-school/PrototypeCroppedImages/PrototypeCroppedImages_SexRoeDeer_Val/273_cropped.jpg,0.5457491113952374,0.4542508886047625
273,1,-0.4713470935821533,0.9423083066940308,/home/magali/CV4Ecology-summer-school/PrototypeCroppedImages/PrototypeCroppedImages_SexRoeDeer_Val/274_cropped.jpg,0.19565814390899944,0.8043418560910005
274,1,-0.6186318397521973,-0.15373709797859192,/home/magali/CV4Ecology-summer-school/PrototypeCroppedImages/PrototypeCroppedImages_SexRoeDeer_Val/275_cropped.jpg,0.38582529934818843,0.6141747006518117
275,1,-0.6123638153076172,0.8766711354255676,/home/magali/CV4Ecology-summer-school/PrototypeCroppedImages/PrototypeCroppedImages_SexRoeDeer_Val/276_cropped.jpg,0.18406662021695497,0.815933379783045
276,1,-0.5701276063919067,0.9577769637107849,/home/magali/CV4Ecology-summer-school/PrototypeCroppedImages/PrototypeCroppedImages_SexRoeDeer_Val/277_cropped.jpg,0.178300479080218,0.8216995209197822
277,1,-0.9882994890213013,0.8567023873329163,/home/magali/CV4Ecology-summer-school/PrototypeCroppedImages/PrototypeCroppedImages_SexRoeDeer_Val/278_cropped.jpg,0.13646080270438546,0.8635391972956146
278,1,0.574796199798584,-0.45606517791748047,/home/magali/CV4Ecology-summer-school/PrototypeCroppedImages/PrototypeCroppedImages_SexRoeDeer_Val/279_cropped.jpg,0.737082857787626,0.2629171422123741
279,1,-0.21334496140480042,1.0458314418792725,/home/magali/CV4Ecology-summer-school/PrototypeCroppedImages/PrototypeCroppedImages_SexRoeDeer_Val/280_cropped.jpg,0.22111570238903847,0.7788842976109616
280,1,-1.5656135082244873,1.4496794939041138,/home/magali/CV4Ecology-summer-school/PrototypeCroppedImages/PrototypeCroppedImages_SexRoeDeer_Val/281_cropped.jpg,0.04673974861347618,0.9532602513865237
281,1,-1.060829520225525,1.6454418897628784,/home/magali/CV4Ecology-summer-school/PrototypeCroppedImages/PrototypeCroppedImages_SexRoeDeer_Val/282_cropped.jpg,0.06260430718837759,0.9373956928116224
282,1,-0.799651563167572,0.10060598701238632,/home/magali/CV4Ecology-summer-school/PrototypeCroppedImages/PrototypeCroppedImages_SexRoeDeer_Val/283_cropped.jpg,0.2889975736095036,0.7110024263904964
283,1,-0.6672518253326416,1.1348251104354858,/home/magali/CV4Ecology-summer-school/PrototypeCroppedImages/PrototypeCroppedImages_SexRoeDeer_Val/284_cropped.jpg,0.14159842889431326,0.8584015711056867
284,1,-0.8616501688957214,1.3522108793258667,/home/magali/CV4Ecology-summer-school/PrototypeCroppedImages/PrototypeCroppedImages_SexRoeDeer_Val/285_cropped.jpg,0.09851264962937843,0.9014873503706214
285,1,-1.2169266939163208,2.508383274078369,/home/magali/CV4Ecology-summer-school/PrototypeCroppedImages/PrototypeCroppedImages_SexRoeDeer_Val/286_cropped.jpg,0.023538223649216358,0.9764617763507836
286,1,-1.485260248184204,2.469550371170044,/home/magali/CV4Ecology-summer-school/PrototypeCroppedImages/PrototypeCroppedImages_SexRoeDeer_Val/287_cropped.jpg,0.01880200751870407,0.9811979924812959
287,1,-1.2390156984329224,0.5511543154716492,/home/magali/CV4Ecology-summer-school/PrototypeCroppedImages/PrototypeCroppedImages_SexRoeDeer_Val/288_cropped.jpg,0.14305188054391657,0.8569481194560834
288,1,-1.059975266456604,1.9445215463638306,/home/magali/CV4Ecology-summer-school/PrototypeCroppedImages/PrototypeCroppedImages_SexRoeDeer_Val/289_cropped.jpg,0.047223135137066274,0.9527768648629338
289,1,-0.5731484889984131,0.6657667756080627,/home/magali/CV4Ecology-summer-school/PrototypeCroppedImages/PrototypeCroppedImages_SexRoeDeer_Val/290_cropped.jpg,0.2246248560641475,0.7753751439358525
290,1,0.034132298082113266,-0.18722021579742432,/home/magali/CV4Ecology-summer-school/PrototypeCroppedImages/PrototypeCroppedImages_SexRoeDeer_Val/291_cropped.jpg,0.555113280201115,0.444886719798885
291,1,-1.6163817644119263,1.7931517362594604,/home/magali/CV4Ecology-summer-school/PrototypeCroppedImages/PrototypeCroppedImages_SexRoeDeer_Val/292_cropped.jpg,0.031998844113744554,0.9680011558862555
292,1,-0.41870033740997314,0.08830944448709488,/home/magali/CV4Ecology-summer-school/PrototypeCroppedImages/PrototypeCroppedImages_SexRoeDeer_Val/293_cropped.jpg,0.3758947636369026,0.6241052363630973
293,0,0.2025013267993927,-0.3784143924713135,/home/magali/CV4Ecology-summer-school/PrototypeCroppedImages/PrototypeCroppedImages_SexRoeDeer_Val/294_cropped.jpg,0.6412780860970408,0.35872191390295916
294,0,1.2770473957061768,-1.1514041423797607,/home/magali/CV4Ecology-summer-school/PrototypeCroppedImages/PrototypeCroppedImages_SexRoeDeer_Val/295_cropped.jpg,0.9189713043723605,0.0810286956276394
295,0,-0.5334748029708862,0.559734582901001,/home/magali/CV4Ecology-summer-school/PrototypeCroppedImages/PrototypeCroppedImages_SexRoeDeer_Val/296_cropped.jpg,0.25101441199897734,0.7489855880010227
296,0,-1.1517664194107056,0.5329969525337219,/home/magali/CV4Ecology-summer-school/PrototypeCroppedImages/PrototypeCroppedImages_SexRoeDeer_Val/297_cropped.jpg,0.1564657496901025,0.8435342503098976
297,0,0.2434852123260498,-0.004395999014377594,/home/magali/CV4Ecology-summer-school/PrototypeCroppedImages/PrototypeCroppedImages_SexRoeDeer_Val/298_cropped.jpg,0.5616549262660349,0.43834507373396514
298,0,0.1207047551870346,-0.9255320429801941,/home/magali/CV4Ecology-summer-school/PrototypeCroppedImages/PrototypeCroppedImages_SexRoeDeer_Val/299_cropped.jpg,0.7400516066275685,0.2599483933724316
299,0,-0.2692700922489166,-0.4338599145412445,/home/magali/CV4Ecology-summer-school/PrototypeCroppedImages/PrototypeCroppedImages_SexRoeDeer_Val/300_cropped.jpg,0.54105481679359,0.4589451832064099
300,0,-0.23638027906417847,0.19141501188278198,/home/magali/CV4Ecology-summer-school/PrototypeCroppedImages/PrototypeCroppedImages_SexRoeDeer_Val/301_cropped.jpg,0.3946529184354965,0.6053470815645036
301,0,0.509736955165863,-0.6678571701049805,/home/magali/CV4Ecology-summer-school/PrototypeCroppedImages/PrototypeCroppedImages_SexRoeDeer_Val/302_cropped.jpg,0.7645149453760921,0.2354850546239079
302,0,0.4029698073863983,-0.39990055561065674,/home/magali/CV4Ecology-summer-school/PrototypeCroppedImages/PrototypeCroppedImages_SexRoeDeer_Val/303_cropped.jpg,0.6905881445558438,0.30941185544415617
303,0,0.2385130077600479,0.06717311590909958,/home/magali/CV4Ecology-summer-school/PrototypeCroppedImages/PrototypeCroppedImages_SexRoeDeer_Val/304_cropped.jpg,0.5427304862258717,0.45726951377412833
304,0,-0.41810712218284607,0.933037519454956,/home/magali/CV4Ecology-summer-school/PrototypeCroppedImages/PrototypeCroppedImages_SexRoeDeer_Val/305_cropped.jpg,0.20568329990398784,0.7943167000960122
305,0,1.044202208518982,-0.95913165807724,/home/magali/CV4Ecology-summer-school/PrototypeCroppedImages/PrototypeCroppedImages_SexRoeDeer_Val/306_cropped.jpg,0.8811466684468586,0.11885333155314146
306,0,0.8736166954040527,-1.1949679851531982,/home/magali/CV4Ecology-summer-school/PrototypeCroppedImages/PrototypeCroppedImages_SexRoeDeer_Val/307_cropped.jpg,0.8878120704372215,0.1121879295627784
307,0,0.7704328894615173,-0.4403722584247589,/home/magali/CV4Ecology-summer-school/PrototypeCroppedImages/PrototypeCroppedImages_SexRoeDeer_Val/308_cropped.jpg,0.7704413796833175,0.2295586203166825
308,0,1.0936694145202637,-0.5090214610099792,/home/magali/CV4Ecology-summer-school/PrototypeCroppedImages/PrototypeCroppedImages_SexRoeDeer_Val/309_cropped.jpg,0.832394136171375,0.1676058638286249
309,0,1.0359578132629395,-0.7729684114456177,/home/magali/CV4Ecology-summer-school/PrototypeCroppedImages/PrototypeCroppedImages_SexRoeDeer_Val/310_cropped.jpg,0.859232048727584,0.14076795127241598
310,0,0.2821785807609558,-0.47960546612739563,/home/magali/CV4Ecology-summer-school/PrototypeCroppedImages/PrototypeCroppedImages_SexRoeDeer_Val/311_cropped.jpg,0.6817409442954864,0.3182590557045136
311,0,-0.5717225670814514,0.5413608551025391,/home/magali/CV4Ecology-summer-school/PrototypeCroppedImages/PrototypeCroppedImages_SexRoeDeer_Val/312_cropped.jpg,0.2472964903571893,0.7527035096428107
312,0,0.8976108431816101,-0.9791926741600037,/home/magali/CV4Ecology-summer-school/PrototypeCroppedImages/PrototypeCroppedImages_SexRoeDeer_Val/313_cropped.jpg,0.8672435402521682,0.13275645974783173
313,1,0.7870819568634033,0.7125220894813538,/home/magali/CV4Ecology-summer-school/PrototypeCroppedImages/PrototypeCroppedImages_SexRoeDeer_Val/314_cropped.jpg,0.5186313364086431,0.4813686635913568
314,1,0.039084043353796005,0.8641577363014221,/home/magali/CV4Ecology-summer-school/PrototypeCroppedImages/PrototypeCroppedImages_SexRoeDeer_Val/315_cropped.jpg,0.3046877183473978,0.6953122816526023
315,1,-0.5433666706085205,0.08780749887228012,/home/magali/CV4Ecology-summer-school/PrototypeCroppedImages/PrototypeCroppedImages_SexRoeDeer_Val/316_cropped.jpg,0.3472443461341514,0.6527556538658487
316,1,0.20663025975227356,0.5603788495063782,/home/magali/CV4Ecology-summer-school/PrototypeCroppedImages/PrototypeCroppedImages_SexRoeDeer_Val/317_cropped.jpg,0.4124736939544413,0.5875263060455589
317,1,-0.15802732110023499,0.5711144804954529,/home/magali/CV4Ecology-summer-school/PrototypeCroppedImages/PrototypeCroppedImages_SexRoeDeer_Val/318_cropped.jpg,0.32538308139510874,0.6746169186048911
318,1,0.5074903964996338,-0.24927252531051636,/home/magali/CV4Ecology-summer-school/PrototypeCroppedImages/PrototypeCroppedImages_SexRoeDeer_Val/319_cropped.jpg,0.6806505168645306,0.3193494831354694
319,1,0.6936243772506714,-0.22335776686668396,/home/magali/CV4Ecology-summer-school/PrototypeCroppedImages/PrototypeCroppedImages_SexRoeDeer_Val/320_cropped.jpg,0.7144267979166047,0.2855732020833953
320,1,-0.3290909230709076,0.9649500846862793,/home/magali/CV4Ecology-summer-school/PrototypeCroppedImages/PrototypeCroppedImages_SexRoeDeer_Val/321_cropped.jpg,0.21516961373923155,0.7848303862607684
321,1,-0.12842968106269836,0.37862899899482727,/home/magali/CV4Ecology-summer-school/PrototypeCroppedImages/PrototypeCroppedImages_SexRoeDeer_Val/322_cropped.jpg,0.3758832923012356,0.6241167076987644
322,1,0.5985039472579956,0.5238395929336548,/home/magali/CV4Ecology-summer-school/PrototypeCroppedImages/PrototypeCroppedImages_SexRoeDeer_Val/323_cropped.jpg,0.5186574218232038,0.48134257817679615
323,0,0.7067168951034546,-0.07669050991535187,/home/magali/CV4Ecology-summer-school/PrototypeCroppedImages/PrototypeCroppedImages_SexRoeDeer_Val/324_cropped.jpg,0.68641402268846,0.31358597731154
324,0,0.65558922290802,-0.7574592232704163,/home/magali/CV4Ecology-summer-school/PrototypeCroppedImages/PrototypeCroppedImages_SexRoeDeer_Val/325_cropped.jpg,0.8042463184169608,0.19575368158303907
325,0,0.28577569127082825,-0.5754136443138123,/home/magali/CV4Ecology-summer-school/PrototypeCroppedImages/PrototypeCroppedImages_SexRoeDeer_Val/326_cropped.jpg,0.7029090807258723,0.2970909192741277
326,0,1.0527387857437134,-0.7723584771156311,/home/magali/CV4Ecology-summer-school/PrototypeCroppedImages/PrototypeCroppedImages_SexRoeDeer_Val/327_cropped.jpg,0.8611766347759223,0.13882336522407762
327,0,1.5202869176864624,-0.6938480734825134,/home/magali/CV4Ecology-summer-school/PrototypeCroppedImages/PrototypeCroppedImages_SexRoeDeer_Val/328_cropped.jpg,0.9015116759949544,0.09848832400504551
328,0,1.1625573635101318,-0.06585746258497238,/home/magali/CV4Ecology-summer-school/PrototypeCroppedImages/PrototypeCroppedImages_SexRoeDeer_Val/329_cropped.jpg,0.7735410113433562,0.2264589886566438
329,0,1.3338817358016968,-1.1652697324752808,/home/magali/CV4Ecology-summer-school/PrototypeCroppedImages/PrototypeCroppedImages_SexRoeDeer_Val/330_cropped.jpg,0.9240823133386283,0.07591768666137166
330,0,1.252463459968567,-0.7520809173583984,/home/magali/CV4Ecology-summer-school/PrototypeCroppedImages/PrototypeCroppedImages_SexRoeDeer_Val/331_cropped.jpg,0.8812733833875147,0.11872661661248526
331,0,0.7068464159965515,-0.2744588553905487,/home/magali/CV4Ecology-summer-school/PrototypeCroppedImages/PrototypeCroppedImages_SexRoeDeer_Val/332_cropped.jpg,0.7273671339253098,0.27263286607469017
332,1,0.09023091197013855,0.05742243677377701,/home/magali/CV4Ecology-summer-school/PrototypeCroppedImages/PrototypeCroppedImages_SexRoeDeer_Val/333_cropped.jpg,0.5082013831509223,0.4917986168490776
333,1,0.6244692802429199,0.049263231456279755,/home/magali/CV4Ecology-summer-school/PrototypeCroppedImages/PrototypeCroppedImages_SexRoeDeer_Val/334_cropped.jpg,0.6399635738485004,0.36003642615149956
334,1,0.5712549686431885,-0.2006966471672058,/home/magali/CV4Ecology-summer-school/PrototypeCroppedImages/PrototypeCroppedImages_SexRoeDeer_Val/335_cropped.jpg,0.6839429161411424,0.3160570838588576
335,1,0.4060877859592438,0.7812562584877014,/home/magali/CV4Ecology-summer-school/PrototypeCroppedImages/PrototypeCroppedImages_SexRoeDeer_Val/336_cropped.jpg,0.40729272923909354,0.5927072707609063
336,1,0.20321515202522278,-0.020244799554347992,/home/magali/CV4Ecology-summer-school/PrototypeCroppedImages/PrototypeCroppedImages_SexRoeDeer_Val/337_cropped.jpg,0.5556336777040003,0.44436632229599976
337,1,1.7289063930511475,-0.36194947361946106,/home/magali/CV4Ecology-summer-school/PrototypeCroppedImages/PrototypeCroppedImages_SexRoeDeer_Val/338_cropped.jpg,0.890011235454323,0.10998876454567692
338,1,0.5744969248771667,0.7081464529037476,/home/magali/CV4Ecology-summer-school/PrototypeCroppedImages/PrototypeCroppedImages_SexRoeDeer_Val/339_cropped.jpg,0.46663726419352664,0.5333627358064734
339,1,1.1373792886734009,-0.6803533434867859,/home/magali/CV4Ecology-summer-school/PrototypeCroppedImages/PrototypeCroppedImages_SexRoeDeer_Val/340_cropped.jpg,0.8602938383931312,0.1397061616068687
340,1,0.21123582124710083,-0.10500208288431168,/home/magali/CV4Ecology-summer-school/PrototypeCroppedImages/PrototypeCroppedImages_SexRoeDeer_Val/341_cropped.jpg,0.5784071279450589,0.42159287205494106
341,1,-0.7473684549331665,0.4970712959766388,/home/magali/CV4Ecology-summer-school/PrototypeCroppedImages/PrototypeCroppedImages_SexRoeDeer_Val/342_cropped.jpg,0.22366412840951963,0.7763358715904803
342,1,-0.3150577247142792,0.7202284336090088,/home/magali/CV4Ecology-summer-school/PrototypeCroppedImages/PrototypeCroppedImages_SexRoeDeer_Val/343_cropped.jpg,0.2620605563643938,0.7379394436356063
343,1,-0.5098921656608582,1.1622079610824585,/home/magali/CV4Ecology-summer-school/PrototypeCroppedImages/PrototypeCroppedImages_SexRoeDeer_Val/344_cropped.jpg,0.15814437825263516,0.8418556217473648
344,1,0.7016370296478271,0.14902634918689728,/home/magali/CV4Ecology-summer-school/PrototypeCroppedImages/PrototypeCroppedImages_SexRoeDeer_Val/345_cropped.jpg,0.6347410764558329,0.3652589235441671
345,1,-0.013990107923746109,0.3063667118549347,/home/magali/CV4Ecology-summer-school/PrototypeCroppedImages/PrototypeCroppedImages_SexRoeDeer_Val/346_cropped.jpg,0.42058879059906945,0.5794112094009306
346,1,-0.8808012008666992,0.42415478825569153,/home/magali/CV4Ecology-summer-school/PrototypeCroppedImages/PrototypeCroppedImages_SexRoeDeer_Val/347_cropped.jpg,0.21333211369518248,0.7866678863048175
347,1,0.13184231519699097,0.18763691186904907,/home/magali/CV4Ecology-summer-school/PrototypeCroppedImages/PrototypeCroppedImages_SexRoeDeer_Val/348_cropped.jpg,0.48605496826097133,0.5139450317390287
348,1,-0.4420182406902313,0.5862537026405334,/home/magali/CV4Ecology-summer-school/PrototypeCroppedImages/PrototypeCroppedImages_SexRoeDeer_Val/349_cropped.jpg,0.26341926112746655,0.7365807388725335
349,1,-0.13381829857826233,0.4861123561859131,/home/magali/CV4Ecology-summer-school/PrototypeCroppedImages/PrototypeCroppedImages_SexRoeDeer_Val/350_cropped.jpg,0.34979722308170624,0.6502027769182938
350,1,-0.6822127103805542,1.2171154022216797,/home/magali/CV4Ecology-summer-school/PrototypeCroppedImages/PrototypeCroppedImages_SexRoeDeer_Val/351_cropped.jpg,0.1301845376536743,0.8698154623463258
351,1,-1.6120373010635376,0.4689866304397583,/home/magali/CV4Ecology-summer-school/PrototypeCroppedImages/PrototypeCroppedImages_SexRoeDeer_Val/352_cropped.jpg,0.11095492184382544,0.8890450781561746
352,1,-0.4065587818622589,0.28254207968711853,/home/magali/CV4Ecology-summer-school/PrototypeCroppedImages/PrototypeCroppedImages_SexRoeDeer_Val/353_cropped.jpg,0.33423312091261753,0.6657668790873824
353,1,-0.9168311357498169,1.248618245124817,/home/magali/CV4Ecology-summer-school/PrototypeCroppedImages/PrototypeCroppedImages_SexRoeDeer_Val/354_cropped.jpg,0.1028963366584905,0.8971036633415096
354,1,-1.5629936456680298,0.45949986577033997,/home/magali/CV4Ecology-summer-school/PrototypeCroppedImages/PrototypeCroppedImages_SexRoeDeer_Val/355_cropped.jpg,0.11686140253250045,0.8831385974674996
355,1,-0.20907330513000488,0.4798949658870697,/home/magali/CV4Ecology-summer-school/PrototypeCroppedImages/PrototypeCroppedImages_SexRoeDeer_Val/356_cropped.jpg,0.3342626257842231,0.665737374215777
356,1,0.021757926791906357,0.23267844319343567,/home/magali/CV4Ecology-summer-school/PrototypeCroppedImages/PrototypeCroppedImages_SexRoeDeer_Val/357_cropped.jpg,0.4474644909412916,0.5525355090587084
357,0,0.25718602538108826,0.03684770315885544,/home/magali/CV4Ecology-summer-school/PrototypeCroppedImages/PrototypeCroppedImages_SexRoeDeer_Val/358_cropped.jpg,0.5548627988879381,0.44513720111206184
358,0,-0.3409629762172699,-0.681454598903656,/home/magali/CV4Ecology-summer-school/PrototypeCroppedImages/PrototypeCroppedImages_SexRoeDeer_Val/359_cropped.jpg,0.5843099390186632,0.4156900609813369
359,0,1.6202083826065063,-1.3495910167694092,/home/magali/CV4Ecology-summer-school/PrototypeCroppedImages/PrototypeCroppedImages_SexRoeDeer_Val/360_cropped.jpg,0.9511909646163957,0.048809035383604336
360,0,-0.5838251113891602,0.3181203305721283,/home/magali/CV4Ecology-summer-school/PrototypeCroppedImages/PrototypeCroppedImages_SexRoeDeer_Val/361_cropped.jpg,0.2886508725820989,0.7113491274179011
361,0,0.24062223732471466,-0.6700652241706848,/home/magali/CV4Ecology-summer-school/PrototypeCroppedImages/PrototypeCroppedImages_SexRoeDeer_Val/362_cropped.jpg,0.7131408180362735,0.2868591819637265
362,0,0.8034037351608276,-0.471608430147171,/home/magali/CV4Ecology-summer-school/PrototypeCroppedImages/PrototypeCroppedImages_SexRoeDeer_Val/363_cropped.jpg,0.7815995405482209,0.21840045945177908
363,0,-0.08910468220710754,0.2753255367279053,/home/magali/CV4Ecology-summer-school/PrototypeCroppedImages/PrototypeCroppedImages_SexRoeDeer_Val/364_cropped.jpg,0.4098875594907002,0.5901124405092997
364,0,0.4099843502044678,-0.2528447210788727,/home/magali/CV4Ecology-summer-school/PrototypeCroppedImages/PrototypeCroppedImages_SexRoeDeer_Val/365_cropped.jpg,0.6598956134421999,0.34010438655780006
365,0,1.06819748878479,-0.8756694197654724,/home/magali/CV4Ecology-summer-school/PrototypeCroppedImages/PrototypeCroppedImages_SexRoeDeer_Val/366_cropped.jpg,0.8747763492829922,0.12522365071700775
366,0,-0.2805127799510956,0.7100297808647156,/home/magali/CV4Ecology-summer-school/PrototypeCroppedImages/PrototypeCroppedImages_SexRoeDeer_Val/367_cropped.jpg,0.2708049250518199,0.72919507494818
367,0,-0.7171441316604614,1.047343373298645,/home/magali/CV4Ecology-summer-school/PrototypeCroppedImages/PrototypeCroppedImages_SexRoeDeer_Val/368_cropped.jpg,0.1462292018674331,0.8537707981325668
368,0,0.11593002080917358,-0.11803881078958511,/home/magali/CV4Ecology-summer-school/PrototypeCroppedImages/PrototypeCroppedImages_SexRoeDeer_Val/369_cropped.jpg,0.5582268316639735,0.4417731683360265
369,0,-0.8526901006698608,1.5887048244476318,/home/magali/CV4Ecology-summer-school/PrototypeCroppedImages/PrototypeCroppedImages_SexRoeDeer_Val/370_cropped.jpg,0.08007010334259687,0.9199298966574032
370,0,-0.09335353970527649,-0.025973685085773468,/home/magali/CV4Ecology-summer-school/PrototypeCroppedImages/PrototypeCroppedImages_SexRoeDeer_Val/371_cropped.jpg,0.48316140652719797,0.516838593472802
371,0,-1.4709644317626953,1.6507257223129272,/home/magali/CV4Ecology-summer-school/PrototypeCroppedImages/PrototypeCroppedImages_SexRoeDeer_Val/372_cropped.jpg,0.04222137125629788,0.9577786287437021
372,0,-0.5226396918296814,-0.3442954123020172,/home/magali/CV4Ecology-summer-school/PrototypeCroppedImages/PrototypeCroppedImages_SexRoeDeer_Val/373_cropped.jpg,0.455531733351614,0.544468266648386
373,0,-0.7586618065834045,1.0131431818008423,/home/magali/CV4Ecology-summer-school/PrototypeCroppedImages/PrototypeCroppedImages_SexRoeDeer_Val/374_cropped.jpg,0.14531800459755295,0.854681995402447
374,0,-0.43399664759635925,-0.3909927308559418,/home/magali/CV4Ecology-summer-school/PrototypeCroppedImages/PrototypeCroppedImages_SexRoeDeer_Val/375_cropped.jpg,0.4892506773570487,0.5107493226429513
375,0,0.24412372708320618,0.6642717719078064,/home/magali/CV4Ecology-summer-school/PrototypeCroppedImages/PrototypeCroppedImages_SexRoeDeer_Val/376_cropped.jpg,0.39648132485181065,0.6035186751481894
376,0,0.26762130856513977,0.5659467577934265,/home/magali/CV4Ecology-summer-school/PrototypeCroppedImages/PrototypeCroppedImages_SexRoeDeer_Val/377_cropped.jpg,0.42596689198315424,0.5740331080168458
377,0,0.5343758463859558,0.15082576870918274,/home/magali/CV4Ecology-summer-school/PrototypeCroppedImages/PrototypeCroppedImages_SexRoeDeer_Val/378_cropped.jpg,0.5947290523528377,0.4052709476471623
378,0,0.2894074022769928,0.42886266112327576,/home/magali/CV4Ecology-summer-school/PrototypeCroppedImages/PrototypeCroppedImages_SexRoeDeer_Val/379_cropped.jpg,0.46519257757244153,0.5348074224275584
379,0,0.09436938166618347,0.4652301073074341,/home/magali/CV4Ecology-summer-school/PrototypeCroppedImages/PrototypeCroppedImages_SexRoeDeer_Val/380_cropped.jpg,0.408333056291276,0.591666943708724
380,0,0.8326617479324341,-0.13183113932609558,/home/magali/CV4Ecology-summer-school/PrototypeCroppedImages/PrototypeCroppedImages_SexRoeDeer_Val/381_cropped.jpg,0.7240204536335343,0.27597954636646577
381,0,0.7928550839424133,0.1029258593916893,/home/magali/CV4Ecology-summer-school/PrototypeCroppedImages/PrototypeCroppedImages_SexRoeDeer_Val/382_cropped.jpg,0.6659511822157872,0.3340488177842128
382,0,0.2591633200645447,0.31506502628326416,/home/magali/CV4Ecology-summer-school/PrototypeCroppedImages/PrototypeCroppedImages_SexRoeDeer_Val/383_cropped.jpg,0.4860282117432376,0.5139717882567625
383,0,-0.212844118475914,0.35538792610168457,/home/magali/CV4Ecology-summer-school/PrototypeCroppedImages/PrototypeCroppedImages_SexRoeDeer_Val/384_cropped.jpg,0.36164487133689094,0.6383551286631091
384,0,-0.20110264420509338,0.780791163444519,/home/magali/CV4Ecology-summer-school/PrototypeCroppedImages/PrototypeCroppedImages_SexRoeDeer_Val/385_cropped.jpg,0.27251617248856047,0.7274838275114396
385,0,-0.3592750132083893,0.6799610257148743,/home/magali/CV4Ecology-summer-school/PrototypeCroppedImages/PrototypeCroppedImages_SexRoeDeer_Val/386_cropped.jpg,0.26129742761623803,0.7387025723837621
386,1,-1.073973298072815,0.33061227202415466,/home/magali/CV4Ecology-summer-school/PrototypeCroppedImages/PrototypeCroppedImages_SexRoeDeer_Val/387_cropped.jpg,0.19708945890573742,0.8029105410942625
387,1,0.4887804090976715,-0.16485527157783508,/home/magali/CV4Ecology-summer-school/PrototypeCroppedImages/PrototypeCroppedImages_SexRoeDeer_Val/388_cropped.jpg,0.6578292866854123,0.34217071331458776
388,1,-0.1913834512233734,0.8647623658180237,/home/magali/CV4Ecology-summer-school/PrototypeCroppedImages/PrototypeCroppedImages_SexRoeDeer_Val/389_cropped.jpg,0.2580466827392961,0.7419533172607038
389,1,0.33744028210639954,-0.8230295777320862,/home/magali/CV4Ecology-summer-school/PrototypeCroppedImages/PrototypeCroppedImages_SexRoeDeer_Val/390_cropped.jpg,0.7614180803409661,0.23858191965903386
390,0,1.2680302858352661,-0.1487184464931488,/home/magali/CV4Ecology-summer-school/PrototypeCroppedImages/PrototypeCroppedImages_SexRoeDeer_Val/391_cropped.jpg,0.8048282141630766,0.19517178583692327
391,0,0.09071147441864014,0.40965038537979126,/home/magali/CV4Ecology-summer-school/PrototypeCroppedImages/PrototypeCroppedImages_SexRoeDeer_Val/392_cropped.jpg,0.420934365124741,0.579065634875259
392,0,0.4851315915584564,-0.270363450050354,/home/magali/CV4Ecology-summer-school/PrototypeCroppedImages/PrototypeCroppedImages_SexRoeDeer_Val/393_cropped.jpg,0.6803748604888386,0.31962513951116134
393,0,0.43779587745666504,0.08985667675733566,/home/magali/CV4Ecology-summer-school/PrototypeCroppedImages/PrototypeCroppedImages_SexRoeDeer_Val/394_cropped.jpg,0.5861177514122137,0.4138822485877863
394,0,0.8322954177856445,-0.24808692932128906,/home/magali/CV4Ecology-summer-school/PrototypeCroppedImages/PrototypeCroppedImages_SexRoeDeer_Val/395_cropped.jpg,0.7465663321585198,0.2534336678414803
395,0,0.579839825630188,0.36222726106643677,/home/magali/CV4Ecology-summer-school/PrototypeCroppedImages/PrototypeCroppedImages_SexRoeDeer_Val/396_cropped.jpg,0.5541894635285859,0.4458105364714141
396,0,0.6063436269760132,0.16316571831703186,/home/magali/CV4Ecology-summer-school/PrototypeCroppedImages/PrototypeCroppedImages_SexRoeDeer_Val/397_cropped.jpg,0.6090160017020935,0.39098399829790664
397,0,0.47800564765930176,0.11942514032125473,/home/magali/CV4Ecology-summer-school/PrototypeCroppedImages/PrototypeCroppedImages_SexRoeDeer_Val/398_cropped.jpg,0.5886967715347625,0.4113032284652375
398,0,0.5428727865219116,0.03656502813100815,/home/magali/CV4Ecology-summer-school/PrototypeCroppedImages/PrototypeCroppedImages_SexRoeDeer_Val/399_cropped.jpg,0.6239405287862559,0.37605947121374395
399,0,0.5501730442047119,0.532858669757843,/home/magali/CV4Ecology-summer-school/PrototypeCroppedImages/PrototypeCroppedImages_SexRoeDeer_Val/400_cropped.jpg,0.5043284854767484,0.4956715145232517
400,0,1.0865933895111084,-0.4604201018810272,/home/magali/CV4Ecology-summer-school/PrototypeCroppedImages/PrototypeCroppedImages_SexRoeDeer_Val/401_cropped.jpg,0.8244819685676495,0.17551803143235045
401,0,0.2866985499858856,-0.7712439298629761,/home/magali/CV4Ecology-summer-school/PrototypeCroppedImages/PrototypeCroppedImages_SexRoeDeer_Val/402_cropped.jpg,0.742297154231244,0.25770284576875613
402,0,-0.11980652809143066,0.3321288526058197,/home/magali/CV4Ecology-summer-school/PrototypeCroppedImages/PrototypeCroppedImages_SexRoeDeer_Val/403_cropped.jpg,0.3889007106040002,0.6110992893959998
403,0,-0.8529378771781921,1.429227590560913,/home/magali/CV4Ecology-summer-school/PrototypeCroppedImages/PrototypeCroppedImages_SexRoeDeer_Val/404_cropped.jpg,0.09261081947582317,0.9073891805241768
404,0,0.6553242802619934,0.19334501028060913,/home/magali/CV4Ecology-summer-school/PrototypeCroppedImages/PrototypeCroppedImages_SexRoeDeer_Val/405_cropped.jpg,0.6134836088361223,0.38651639116387776
405,0,-0.16899216175079346,-0.05648008733987808,/home/magali/CV4Ecology-summer-school/PrototypeCroppedImages/PrototypeCroppedImages_SexRoeDeer_Val/406_cropped.jpg,0.47190161652084195,0.528098383479158
406,0,-0.5860105156898499,0.6839386820793152,/home/magali/CV4Ecology-summer-school/PrototypeCroppedImages/PrototypeCroppedImages_SexRoeDeer_Val/407_cropped.jpg,0.21926594871606875,0.7807340512839311
407,0,0.5052186250686646,0.24654707312583923,/home/magali/CV4Ecology-summer-school/PrototypeCroppedImages/PrototypeCroppedImages_SexRoeDeer_Val/408_cropped.jpg,0.564309701850812,0.43569029814918786
408,0,1.1000169515609741,-0.2570675313472748,/home/magali/CV4Ecology-summer-school/PrototypeCroppedImages/PrototypeCroppedImages_SexRoeDeer_Val/409_cropped.jpg,0.7952854411865465,0.20471455881345338
409,0,0.1390228569507599,0.19174352288246155,/home/magali/CV4Ecology-summer-school/PrototypeCroppedImages/PrototypeCroppedImages_SexRoeDeer_Val/410_cropped.jpg,0.48682288549038233,0.5131771145096176
410,1,0.5881260633468628,-0.6088765859603882,/home/magali/CV4Ecology-summer-school/PrototypeCroppedImages/PrototypeCroppedImages_SexRoeDeer_Val/411_cropped.jpg,0.7679911423656582,0.23200885763434165
411,1,-0.7014243602752686,-0.418257474899292,/home/magali/CV4Ecology-summer-school/PrototypeCroppedImages/PrototypeCroppedImages_SexRoeDeer_Val/412_cropped.jpg,0.42967754352929144,0.5703224564707087
412,1,-0.8006618022918701,0.1754538118839264,/home/magali/CV4Ecology-summer-school/PrototypeCroppedImages/PrototypeCroppedImages_SexRoeDeer_Val/413_cropped.jpg,0.27366321027559953,0.7263367897244005
413,1,0.1219840943813324,-0.8745973706245422,/home/magali/CV4Ecology-summer-school/PrototypeCroppedImages/PrototypeCroppedImages_SexRoeDeer_Val/414_cropped.jpg,0.7303859231927196,0.26961407680728056
414,1,0.2587977647781372,0.08485262840986252,/home/magali/CV4Ecology-summer-school/PrototypeCroppedImages/PrototypeCroppedImages_SexRoeDeer_Val/415_cropped.jpg,0.5433769681194949,0.45662303188050507
415,1,0.9702679514884949,-0.8904833197593689,/home/magali/CV4Ecology-summer-school/PrototypeCroppedImages/PrototypeCroppedImages_SexRoeDeer_Val/416_cropped.jpg,0.8653844907979727,0.13461550920202722
416,1,0.9905943870544434,-0.4726269543170929,/home/magali/CV4Ecology-summer-school/PrototypeCroppedImages/PrototypeCroppedImages_SexRoeDeer_Val/417_cropped.jpg,0.8120248761735823,0.18797512382641782
417,1,0.5270845890045166,-1.2062424421310425,/home/magali/CV4Ecology-summer-school/PrototypeCroppedImages/PrototypeCroppedImages_SexRoeDeer_Val/418_cropped.jpg,0.8498374894649546,0.1501625105350454
418,1,0.8592913150787354,-1.3349355459213257,/home/magali/CV4Ecology-summer-school/PrototypeCroppedImages/PrototypeCroppedImages_SexRoeDeer_Val/419_cropped.jpg,0.899729881836974,0.10027011816302597
419,1,0.20004066824913025,-0.9631184935569763,/home/magali/CV4Ecology-summer-school/PrototypeCroppedImages/PrototypeCroppedImages_SexRoeDeer_Val/420_cropped.jpg,0.7619062770035657,0.23809372299643425
420,1,-1.1116578578948975,0.00556560605764389,/home/magali/CV4Ecology-summer-school/PrototypeCroppedImages/PrototypeCroppedImages_SexRoeDeer_Val/421_cropped.jpg,0.24652666559902475,0.7534733344009752
421,1,-1.5666075944900513,1.4815703630447388,/home/magali/CV4Ecology-summer-school/PrototypeCroppedImages/PrototypeCroppedImages_SexRoeDeer_Val/422_cropped.jpg,0.04529620147067956,0.9547037985293204
422,1,-0.958910346031189,0.7664990425109863,/home/magali/CV4Ecology-summer-school/PrototypeCroppedImages/PrototypeCroppedImages_SexRoeDeer_Val/423_cropped.jpg,0.15117571160748888,0.8488242883925111
423,1,-0.6245383024215698,0.41791263222694397,/home/magali/CV4Ecology-summer-school/PrototypeCroppedImages/PrototypeCroppedImages_SexRoeDeer_Val/424_cropped.jpg,0.2606773613403606,0.7393226386596393
424,1,-0.36085692048072815,-0.08480773121118546,/home/magali/CV4Ecology-summer-school/PrototypeCroppedImages/PrototypeCroppedImages_SexRoeDeer_Val/425_cropped.jpg,0.4314226348942123,0.5685773651057877
425,1,-2.439826488494873,0.5184255838394165,/home/magali/CV4Ecology-summer-school/PrototypeCroppedImages/PrototypeCroppedImages_SexRoeDeer_Val/426_cropped.jpg,0.04934794156705543,0.9506520584329445
426,1,-1.0124807357788086,0.1384231448173523,/home/magali/CV4Ecology-summer-school/PrototypeCroppedImages/PrototypeCroppedImages_SexRoeDeer_Val/427_cropped.jpg,0.24032402429712107,0.7596759757028789
427,1,-0.39216357469558716,0.07236897200345993,/home/magali/CV4Ecology-summer-school/PrototypeCroppedImages/PrototypeCroppedImages_SexRoeDeer_Val/428_cropped.jpg,0.38591113014018813,0.6140888698598119
428,1,-0.6336443424224854,0.5148299336433411,/home/magali/CV4Ecology-summer-school/PrototypeCroppedImages/PrototypeCroppedImages_SexRoeDeer_Val/429_cropped.jpg,0.24076787308910694,0.7592321269108931
429,1,-1.1441198587417603,0.6965864300727844,/home/magali/CV4Ecology-summer-school/PrototypeCroppedImages/PrototypeCroppedImages_SexRoeDeer_Val/430_cropped.jpg,0.1369677824544213,0.8630322175455788
430,1,-0.7875622510910034,0.45541536808013916,/home/magali/CV4Ecology-summer-school/PrototypeCroppedImages/PrototypeCroppedImages_SexRoeDeer_Val/431_cropped.jpg,0.22391811332573672,0.7760818866742631
431,1,-0.815601110458374,0.6121851801872253,/home/magali/CV4Ecology-summer-school/PrototypeCroppedImages/PrototypeCroppedImages_SexRoeDeer_Val/432_cropped.jpg,0.19344384014528643,0.8065561598547136
432,1,-0.12299492955207825,0.2952471673488617,/home/magali/CV4Ecology-summer-school/PrototypeCroppedImages/PrototypeCroppedImages_SexRoeDeer_Val/433_cropped.jpg,0.39693747733483453,0.6030625226651656
433,1,-0.473018079996109,0.1969471275806427,/home/magali/CV4Ecology-summer-school/PrototypeCroppedImages/PrototypeCroppedImages_SexRoeDeer_Val/434_cropped.jpg,0.3385046314464506,0.6614953685535494
434,1,-0.9425864219665527,0.8535317778587341,/home/magali/CV4Ecology-summer-school/PrototypeCroppedImages/PrototypeCroppedImages_SexRoeDeer_Val/435_cropped.jpg,0.1423242511338257,0.8576757488661744
435,1,-0.6115245819091797,0.2911599576473236,/home/magali/CV4Ecology-summer-school/PrototypeCroppedImages/PrototypeCroppedImages_SexRoeDeer_Val/436_cropped.jpg,0.28849913623925966,0.7115008637607404
436,1,-0.22489212453365326,0.03946173936128616,/home/magali/CV4Ecology-summer-school/PrototypeCroppedImages/PrototypeCroppedImages_SexRoeDeer_Val/437_cropped.jpg,0.43429373481403105,0.5657062651859689
437,1,-0.107842355966568,-0.03819606453180313,/home/magali/CV4Ecology-summer-school/PrototypeCroppedImages/PrototypeCroppedImages_SexRoeDeer_Val/438_cropped.jpg,0.48259546178561824,0.5174045382143818
438,1,-0.400420218706131,1.0645936727523804,/home/magali/CV4Ecology-summer-school/PrototypeCroppedImages/PrototypeCroppedImages_SexRoeDeer_Val/439_cropped.jpg,0.18770166115315226,0.8122983388468479
439,1,0.08106917142868042,0.12122861295938492,/home/magali/CV4Ecology-summer-school/PrototypeCroppedImages/PrototypeCroppedImages_SexRoeDeer_Val/440_cropped.jpg,0.4899614887408651,0.5100385112591349
440,0,1.521558403968811,-0.5054410099983215,/home/magali/CV4Ecology-summer-school/PrototypeCroppedImages/PrototypeCroppedImages_SexRoeDeer_Val/441_cropped.jpg,0.883602826082137,0.11639717391786301
441,0,-0.383884072303772,0.5187292695045471,/home/magali/CV4Ecology-summer-school/PrototypeCroppedImages/PrototypeCroppedImages_SexRoeDeer_Val/442_cropped.jpg,0.28851375103488985,0.71148624896511
442,0,1.5990554094314575,-0.5713028311729431,/home/magali/CV4Ecology-summer-school/PrototypeCroppedImages/PrototypeCroppedImages_SexRoeDeer_Val/443_cropped.jpg,0.8975559112194458,0.10244408878055435
443,0,0.20494166016578674,-0.005598835647106171,/home/magali/CV4Ecology-summer-school/PrototypeCroppedImages/PrototypeCroppedImages_SexRoeDeer_Val/444_cropped.jpg,0.5524415508859598,0.4475584491140401
444,0,-0.46052998304367065,-0.6460762619972229,/home/magali/CV4Ecology-summer-school/PrototypeCroppedImages/PrototypeCroppedImages_SexRoeDeer_Val/445_cropped.jpg,0.5462539454779388,0.4537460545220611
445,0,0.8748665452003479,-0.2105397880077362,/home/magali/CV4Ecology-summer-school/PrototypeCroppedImages/PrototypeCroppedImages_SexRoeDeer_Val/446_cropped.jpg,0.7475157176248778,0.2524842823751222
446,0,0.8204310536384583,0.15797492861747742,/home/magali/CV4Ecology-summer-school/PrototypeCroppedImages/PrototypeCroppedImages_SexRoeDeer_Val/447_cropped.jpg,0.6598119068565454,0.3401880931434546
447,0,0.4252508580684662,-0.293428510427475,/home/magali/CV4Ecology-summer-school/PrototypeCroppedImages/PrototypeCroppedImages_SexRoeDeer_Val/448_cropped.jpg,0.6723161387434364,0.32768386125656357
448,0,-0.12582238018512726,-0.6168349981307983,/home/magali/CV4Ecology-summer-school/PrototypeCroppedImages/PrototypeCroppedImages_SexRoeDeer_Val/449_cropped.jpg,0.6203449502241613,0.37965504977583864
449,0,0.04364987835288048,0.04678279906511307,/home/magali/CV4Ecology-summer-school/PrototypeCroppedImages/PrototypeCroppedImages_SexRoeDeer_Val/450_cropped.jpg,0.49921677046257085,0.5007832295374293
450,1,-0.0995730310678482,-0.0704255923628807,/home/magali/CV4Ecology-summer-school/PrototypeCroppedImages/PrototypeCroppedImages_SexRoeDeer_Val/451_cropped.jpg,0.4927136561733138,0.5072863438266862
451,1,-0.6282997131347656,0.8498749136924744,/home/magali/CV4Ecology-summer-school/PrototypeCroppedImages/PrototypeCroppedImages_SexRoeDeer_Val/452_cropped.jpg,0.18570328945690603,0.814296710543094
452,1,-0.4241664707660675,1.5655499696731567,/home/magali/CV4Ecology-summer-school/PrototypeCroppedImages/PrototypeCroppedImages_SexRoeDeer_Val/453_cropped.jpg,0.12028686492433187,0.8797131350756683
453,1,-0.05880630388855934,-0.12694567441940308,/home/magali/CV4Ecology-summer-school/PrototypeCroppedImages/PrototypeCroppedImages_SexRoeDeer_Val/454_cropped.jpg,0.5170282546641115,0.4829717453358885
454,1,-0.9788405299186707,-0.13251900672912598,/home/magali/CV4Ecology-summer-school/PrototypeCroppedImages/PrototypeCroppedImages_SexRoeDeer_Val/455_cropped.jpg,0.30020507083887593,0.699794929161124
455,1,-0.7280318737030029,-0.3951398432254791,/home/magali/CV4Ecology-summer-school/PrototypeCroppedImages/PrototypeCroppedImages_SexRoeDeer_Val/456_cropped.jpg,0.4175371144286858,0.5824628855713142
456,1,-0.4142248332500458,-0.18901479244232178,/home/magali/CV4Ecology-summer-school/PrototypeCroppedImages/PrototypeCroppedImages_SexRoeDeer_Val/457_cropped.jpg,0.4439342588784549,0.5560657411215452
457,1,-0.31662842631340027,0.15078610181808472,/home/magali/CV4Ecology-summer-school/PrototypeCroppedImages/PrototypeCroppedImages_SexRoeDeer_Val/458_cropped.jpg,0.3852283723958759,0.6147716276041241
458,1,-0.09915155172348022,-0.04048731178045273,/home/magali/CV4Ecology-summer-school/PrototypeCroppedImages/PrototypeCroppedImages_SexRoeDeer_Val/459_cropped.jpg,0.48533814466251257,0.5146618553374873
459,1,-0.15826991200447083,0.27089422941207886,/home/magali/CV4Ecology-summer-school/PrototypeCroppedImages/PrototypeCroppedImages_SexRoeDeer_Val/460_cropped.jpg,0.39432594453313763,0.6056740554668624
460,1,-0.2863709628582001,-0.1847560703754425,/home/magali/CV4Ecology-summer-school/PrototypeCroppedImages/PrototypeCroppedImages_SexRoeDeer_Val/461_cropped.jpg,0.47461811336024995,0.5253818866397499
461,1,-0.19371965527534485,-0.20275071263313293,/home/magali/CV4Ecology-summer-school/PrototypeCroppedImages/PrototypeCroppedImages_SexRoeDeer_Val/462_cropped.jpg,0.5022577489943011,0.49774225100569885
462,1,1.0879474878311157,-0.7075452208518982,/home/magali/CV4Ecology-summer-school/PrototypeCroppedImages/PrototypeCroppedImages_SexRoeDeer_Val/463_cropped.jpg,0.8575993792935789,0.14240062070642107
463,1,0.4212048053741455,-0.16099902987480164,/home/magali/CV4Ecology-summer-school/PrototypeCroppedImages/PrototypeCroppedImages_SexRoeDeer_Val/464_cropped.jpg,0.6415743509878025,0.35842564901219753
464,1,0.1318119466304779,-0.6251738667488098,/home/magali/CV4Ecology-summer-school/PrototypeCroppedImages/PrototypeCroppedImages_SexRoeDeer_Val/465_cropped.jpg,0.6806989638266119,0.31930103617338806
465,1,0.3722120523452759,-0.359828919172287,/home/magali/CV4Ecology-summer-school/PrototypeCroppedImages/PrototypeCroppedImages_SexRoeDeer_Val/466_cropped.jpg,0.6752529898445173,0.3247470101554828
466,1,0.1475246548652649,0.22669386863708496,/home/magali/CV4Ecology-summer-school/PrototypeCroppedImages/PrototypeCroppedImages_SexRoeDeer_Val/467_cropped.jpg,0.48021802787292606,0.5197819721270741
467,1,-0.17368999123573303,0.00029199570417404175,/home/magali/CV4Ecology-summer-school/PrototypeCroppedImages/PrototypeCroppedImages_SexRoeDeer_Val/468_cropped.jpg,0.4566138885888252,0.543386111411175
468,1,-0.5062011480331421,0.035447560250759125,/home/magali/CV4Ecology-summer-school/PrototypeCroppedImages/PrototypeCroppedImages_SexRoeDeer_Val/469_cropped.jpg,0.36780413411510554,0.6321958658848945
469,1,0.6630486845970154,0.1246124729514122,/home/magali/CV4Ecology-summer-school/PrototypeCroppedImages/PrototypeCroppedImages_SexRoeDeer_Val/470_cropped.jpg,0.6314485657838663,0.3685514342161336
470,1,-0.029153291136026382,-0.2824103534221649,/home/magali/CV4Ecology-summer-school/PrototypeCroppedImages/PrototypeCroppedImages_SexRoeDeer_Val/471_cropped.jpg,0.5629780118992617,0.4370219881007383
471,1,-0.8178415298461914,0.5760051012039185,/home/magali/CV4Ecology-summer-school/PrototypeCroppedImages/PrototypeCroppedImages_SexRoeDeer_Val/472_cropped.jpg,0.19879437410523548,0.8012056258947646
472,0,0.796607255935669,-0.4420062005519867,/home/magali/CV4Ecology-summer-school/PrototypeCroppedImages/PrototypeCroppedImages_SexRoeDeer_Val/473_cropped.jpg,0.7753225740907199,0.22467742590928
473,0,0.3201935589313507,-0.5173832774162292,/home/magali/CV4Ecology-summer-school/PrototypeCroppedImages/PrototypeCroppedImages_SexRoeDeer_Val/474_cropped.jpg,0.6979546244296801,0.3020453755703199
474,0,-0.2780103385448456,-0.7981102466583252,/home/magali/CV4Ecology-summer-school/PrototypeCroppedImages/PrototypeCroppedImages_SexRoeDeer_Val/475_cropped.jpg,0.6271711278748225,0.37282887212517746
475,0,0.3638686239719391,-0.7325851917266846,/home/magali/CV4Ecology-summer-school/PrototypeCroppedImages/PrototypeCroppedImages_SexRoeDeer_Val/476_cropped.jpg,0.7495950679667244,0.2504049320332757
476,0,0.48522478342056274,-0.3867393434047699,/home/magali/CV4Ecology-summer-school/PrototypeCroppedImages/PrototypeCroppedImages_SexRoeDeer_Val/477_cropped.jpg,0.70515422751488,0.29484577248512
477,0,-0.2981223464012146,0.3587769865989685,/home/magali/CV4Ecology-summer-school/PrototypeCroppedImages/PrototypeCroppedImages_SexRoeDeer_Val/478_cropped.jpg,0.3414364769429273,0.6585635230570726
478,1,0.3056623041629791,0.37162497639656067,/home/magali/CV4Ecology-summer-school/PrototypeCroppedImages/PrototypeCroppedImages_SexRoeDeer_Val/479_cropped.jpg,0.48351530868435505,0.5164846913156448
479,1,-0.5268031358718872,-0.11834228783845901,/home/magali/CV4Ecology-summer-school/PrototypeCroppedImages/PrototypeCroppedImages_SexRoeDeer_Val/480_cropped.jpg,0.39928123827779677,0.6007187617222032
480,1,0.6670092344284058,-0.40980708599090576,/home/magali/CV4Ecology-summer-school/PrototypeCroppedImages/PrototypeCroppedImages_SexRoeDeer_Val/481_cropped.jpg,0.7458910288697578,0.2541089711302423
481,1,0.7751283645629883,-0.9658094644546509,/home/magali/CV4Ecology-summer-school/PrototypeCroppedImages/PrototypeCroppedImages_SexRoeDeer_Val/482_cropped.jpg,0.8508061480081108,0.14919385199188914
482,1,0.3150729835033417,-0.6061190366744995,/home/magali/CV4Ecology-summer-school/PrototypeCroppedImages/PrototypeCroppedImages_SexRoeDeer_Val/483_cropped.jpg,0.7152849257566357,0.2847150742433642
483,1,0.2694629728794098,0.6177582144737244,/home/magali/CV4Ecology-summer-school/PrototypeCroppedImages/PrototypeCroppedImages_SexRoeDeer_Val/484_cropped.jpg,0.41379588150747026,0.5862041184925297
484,1,-0.7865877747535706,1.5009621381759644,/home/magali/CV4Ecology-summer-school/PrototypeCroppedImages/PrototypeCroppedImages_SexRoeDeer_Val/485_cropped.jpg,0.09215933416240905,0.9078406658375909
485,1,-0.9098594188690186,1.5526992082595825,/home/magali/CV4Ecology-summer-school/PrototypeCroppedImages/PrototypeCroppedImages_SexRoeDeer_Val/486_cropped.jpg,0.0785249981554781,0.9214750018445219
486,1,-0.7870101928710938,1.5791860818862915,/home/magali/CV4Ecology-summer-school/PrototypeCroppedImages/PrototypeCroppedImages_SexRoeDeer_Val/487_cropped.jpg,0.08578698676608738,0.9142130132339127
487,1,-0.22868658602237701,0.05115479975938797,/home/magali/CV4Ecology-summer-school/PrototypeCroppedImages/PrototypeCroppedImages_SexRoeDeer_Val/488_cropped.jpg,0.43049266287842636,0.5695073371215736
488,1,-0.19134846329689026,0.6829331517219543,/home/magali/CV4Ecology-summer-school/PrototypeCroppedImages/PrototypeCroppedImages_SexRoeDeer_Val/489_cropped.jpg,0.2943641686660525,0.7056358313339475
489,1,-0.037985850125551224,-0.1677885353565216,/home/magali/CV4Ecology-summer-school/PrototypeCroppedImages/PrototypeCroppedImages_SexRoeDeer_Val/490_cropped.jpg,0.5324051852087579,0.4675948147912421
490,1,0.07942956686019897,0.4989643692970276,/home/magali/CV4Ecology-summer-school/PrototypeCroppedImages/PrototypeCroppedImages_SexRoeDeer_Val/491_cropped.jpg,0.39662807318341053,0.6033719268165896
491,1,0.16526632010936737,-0.1255909502506256,/home/magali/CV4Ecology-summer-school/PrototypeCroppedImages/PrototypeCroppedImages_SexRoeDeer_Val/492_cropped.jpg,0.5722059939438298,0.42779400605617013
492,0,-0.40359416604042053,0.3342250883579254,/home/magali/CV4Ecology-summer-school/PrototypeCroppedImages/PrototypeCroppedImages_SexRoeDeer_Val/493_cropped.jpg,0.3234811967270619,0.6765188032729382
493,0,-0.6049987077713013,0.37848034501075745,/home/magali/CV4Ecology-summer-school/PrototypeCroppedImages/PrototypeCroppedImages_SexRoeDeer_Val/494_cropped.jpg,0.27220200924284765,0.7277979907571522
494,0,0.1967972218990326,-1.222999095916748,/home/magali/CV4Ecology-summer-school/PrototypeCroppedImages/PrototypeCroppedImages_SexRoeDeer_Val/495_cropped.jpg,0.8053064834819489,0.19469351651805103
495,0,0.09997689723968506,0.018926598131656647,/home/magali/CV4Ecology-summer-school/PrototypeCroppedImages/PrototypeCroppedImages_SexRoeDeer_Val/496_cropped.jpg,0.5202514897327943,0.4797485102672057
496,0,-0.008365821093320847,0.6060569882392883,/home/magali/CV4Ecology-summer-school/PrototypeCroppedImages/PrototypeCroppedImages_SexRoeDeer_Val/497_cropped.jpg,0.3510509566681325,0.6489490433318674
497,0,0.13647495210170746,-0.12652769684791565,/home/magali/CV4Ecology-summer-school/PrototypeCroppedImages/PrototypeCroppedImages_SexRoeDeer_Val/498_cropped.jpg,0.565374265642376,0.43462573435762397
498,0,0.08441184461116791,-0.026705600321292877,/home/magali/CV4Ecology-summer-school/PrototypeCroppedImages/PrototypeCroppedImages_SexRoeDeer_Val/499_cropped.jpg,0.5277508136324037,0.4722491863675963
499,0,-1.3149629831314087,0.5096449255943298,/home/magali/CV4Ecology-summer-school/PrototypeCroppedImages/PrototypeCroppedImages_SexRoeDeer_Val/500_cropped.jpg,0.13888187855535258,0.8611181214446475
500,0,-0.3028755187988281,0.17505142092704773,/home/magali/CV4Ecology-summer-school/PrototypeCroppedImages/PrototypeCroppedImages_SexRoeDeer_Val/501_cropped.jpg,0.3827417675721316,0.6172582324278685
501,0,-0.061268050223588943,-0.4552338123321533,/home/magali/CV4Ecology-summer-school/PrototypeCroppedImages/PrototypeCroppedImages_SexRoeDeer_Val/502_cropped.jpg,0.5972370101493877,0.4027629898506124
